ISO-10303-21;
HEADER;
FILE_DESCRIPTION (( 'STEP AP214' ),
    '1' );
FILE_NAME ('3008TR.STEP',
    '2013-05-02T20:16:30',
    ( 'Richard Maletta' ),
    ( '' ),
    'SwSTEP 2.0',
    'SolidWorks 2009',
    '' );
FILE_SCHEMA (( 'AUTOMOTIVE_DESIGN' ));
ENDSEC;

DATA;
#1 = VERTEX_POINT ( 'NONE', #972 ) ;
#2 = EDGE_CURVE ( 'NONE', #6, #7, #971, .T. ) ;
#3 = ORIENTED_EDGE ( 'NONE', *, *, #1134, .F. ) ;
#4 = ADVANCED_FACE ( 'NONE', ( #967 ), #966, .T. ) ;
#5 = EDGE_LOOP ( 'NONE', ( #11, #12, #13, #16 ) ) ;
#6 = VERTEX_POINT ( 'NONE', #964 ) ;
#7 = VERTEX_POINT ( 'NONE', #960 ) ;
#8 = ORIENTED_EDGE ( 'NONE', *, *, #9, .T. ) ;
#9 = EDGE_CURVE ( 'NONE', #6, #10, #959, .T. ) ;
#10 = VERTEX_POINT ( 'NONE', #954 ) ;
#11 = ORIENTED_EDGE ( 'NONE', *, *, #1012, .T. ) ;
#12 = ORIENTED_EDGE ( 'NONE', *, *, #807, .T. ) ;
#13 = ORIENTED_EDGE ( 'NONE', *, *, #14, .T. ) ;
#14 = EDGE_CURVE ( 'NONE', #805, #15, #953, .T. ) ;
#15 = VERTEX_POINT ( 'NONE', #948 ) ;
#16 = ORIENTED_EDGE ( 'NONE', *, *, #17, .T. ) ;
#17 = EDGE_CURVE ( 'NONE', #15, #1013, #947, .T. ) ;
#18 = ADVANCED_FACE ( 'NONE', ( #1312 ), #1191, .T. ) ;
#19 = EDGE_LOOP ( 'NONE', ( #28, #181, #183, #184 ) ) ;
#20 = ORIENTED_EDGE ( 'NONE', *, *, #735, .F. ) ;
#21 = ORIENTED_EDGE ( 'NONE', *, *, #1070, .F. ) ;
#22 = ORIENTED_EDGE ( 'NONE', *, *, #738, .F. ) ;
#23 = ORIENTED_EDGE ( 'NONE', *, *, #744, .F. ) ;
#24 = EDGE_CURVE ( 'NONE', #7, #1135, #1313, .T. ) ;
#25 = ORIENTED_EDGE ( 'NONE', *, *, #421, .F. ) ;
#26 = ORIENTED_EDGE ( 'NONE', *, *, #928, .F. ) ;
#27 = ADVANCED_FACE ( 'NONE', ( #1270 ), #1269, .T. ) ;
#28 = ORIENTED_EDGE ( 'NONE', *, *, #29, .F. ) ;
#29 = EDGE_CURVE ( 'NONE', #180, #37, #1264, .T. ) ;
#30 = EDGE_CURVE ( 'NONE', #31, #54, #1196, .T. ) ;
#31 = VERTEX_POINT ( 'NONE', #1192 ) ;
#32 = ORIENTED_EDGE ( 'NONE', *, *, #258, .F. ) ;
#33 = ORIENTED_EDGE ( 'NONE', *, *, #404, .F. ) ;
#34 = ORIENTED_EDGE ( 'NONE', *, *, #1142, .F. ) ;
#35 = ORIENTED_EDGE ( 'NONE', *, *, #36, .F. ) ;
#36 = EDGE_CURVE ( 'NONE', #1189, #37, #1293, .T. ) ;
#37 = VERTEX_POINT ( 'NONE', #1289 ) ;
#38 = ORIENTED_EDGE ( 'NONE', *, *, #1116, .F. ) ;
#39 = ORIENTED_EDGE ( 'NONE', *, *, #64, .F. ) ;
#40 = VERTEX_POINT ( 'NONE', #1232 ) ;
#41 = EDGE_CURVE ( 'NONE', #40, #52, #1231, .T. ) ;
#42 = VERTEX_POINT ( 'NONE', #1279 ) ;
#43 = EDGE_CURVE ( 'NONE', #42, #44, #1278, .T. ) ;
#44 = VERTEX_POINT ( 'NONE', #1259 ) ;
#45 = ORIENTED_EDGE ( 'NONE', *, *, #46, .T. ) ;
#46 = EDGE_CURVE ( 'NONE', #319, #1, #1258, .T. ) ;
#47 = ORIENTED_EDGE ( 'NONE', *, *, #516, .F. ) ;
#48 = ORIENTED_EDGE ( 'NONE', *, *, #43, .T. ) ;
#49 = EDGE_CURVE ( 'NONE', #538, #387, #1287, .T. ) ;
#50 = ORIENTED_EDGE ( 'NONE', *, *, #41, .F. ) ;
#51 = EDGE_CURVE ( 'NONE', #91, #52, #1288, .T. ) ;
#52 = VERTEX_POINT ( 'NONE', #1309 ) ;
#53 = EDGE_CURVE ( 'NONE', #89, #91, #1308, .T. ) ;
#54 = VERTEX_POINT ( 'NONE', #1303 ) ;
#55 = ORIENTED_EDGE ( 'NONE', *, *, #56, .T. ) ;
#56 = EDGE_CURVE ( 'NONE', #54, #57, #1302, .T. ) ;
#57 = VERTEX_POINT ( 'NONE', #1297 ) ;
#58 = ORIENTED_EDGE ( 'NONE', *, *, #59, .F. ) ;
#59 = EDGE_CURVE ( 'NONE', #37, #57, #1296, .T. ) ;
#60 = ORIENTED_EDGE ( 'NONE', *, *, #59, .T. ) ;
#61 = ORIENTED_EDGE ( 'NONE', *, *, #62, .T. ) ;
#62 = EDGE_CURVE ( 'NONE', #57, #63, #1253, .T. ) ;
#63 = VERTEX_POINT ( 'NONE', #1249 ) ;
#64 = EDGE_CURVE ( 'NONE', #65, #749, #1248, .T. ) ;
#65 = VERTEX_POINT ( 'NONE', #1244 ) ;
#66 = ORIENTED_EDGE ( 'NONE', *, *, #188, .F. ) ;
#67 = EDGE_LOOP ( 'NONE', ( #68, #69, #20, #21, #22, #23, #118, #119, #120, #121, #122, #130 ) ) ;
#68 = ORIENTED_EDGE ( 'NONE', *, *, #1080, .F. ) ;
#69 = ORIENTED_EDGE ( 'NONE', *, *, #1126, .F. ) ;
#70 = ORIENTED_EDGE ( 'NONE', *, *, #71, .F. ) ;
#71 = EDGE_CURVE ( 'NONE', #180, #63, #1243, .T. ) ;
#72 = ORIENTED_EDGE ( 'NONE', *, *, #29, .T. ) ;
#73 = ADVANCED_FACE ( 'NONE', ( #1239 ), #1238, .F. ) ;
#74 = EDGE_LOOP ( 'NONE', ( #75, #76, #77, #32 ) ) ;
#75 = ORIENTED_EDGE ( 'NONE', *, *, #62, .F. ) ;
#76 = ORIENTED_EDGE ( 'NONE', *, *, #56, .F. ) ;
#77 = ORIENTED_EDGE ( 'NONE', *, *, #30, .F. ) ;
#78 = EDGE_LOOP ( 'NONE', ( #79, #93, #95, #96, #97, #98, #99, #100 ) ) ;
#79 = ORIENTED_EDGE ( 'NONE', *, *, #80, .F. ) ;
#80 = EDGE_CURVE ( 'NONE', #81, #1131, #1233, .T. ) ;
#81 = VERTEX_POINT ( 'NONE', #1226 ) ;
#82 = ORIENTED_EDGE ( 'NONE', *, *, #83, .F. ) ;
#83 = EDGE_CURVE ( 'NONE', #84, #10, #1225, .T. ) ;
#84 = VERTEX_POINT ( 'NONE', #1221 ) ;
#85 = ORIENTED_EDGE ( 'NONE', *, *, #86, .F. ) ;
#86 = EDGE_CURVE ( 'NONE', #1131, #84, #1220, .T. ) ;
#87 = ORIENTED_EDGE ( 'NONE', *, *, #1151, .F. ) ;
#88 = CLOSED_SHELL ( 'NONE', ( #434, #423, #435, #400, #487, #562, #462, #466, #579, #574, #525, #482, #479, #582, #457, #545, #489, #452, #542, #534, #657, #350, #354, #363, #296, #660, #713, #608, #682, #602, #904, #733, #647, #915, #816, #780, #630, #888, #870, #761, #783, #788, #801, #813, #776, #837, #846, #767, #860, #739, #740, #1031, #1172, #1130, #1081, #1071, #1167, #1156, #1146, #1118, #1152, #920, #929, #1034, #1055, #1066, #1095, #1106, #1019, #983, #916, #993, #1004, #4, #18, #101, #275, #286, #27, #185, #73, #105, #189, #107, #250, #256, #223, #230, #238, #195, #260, #272, #267, #177, #217, #139, #172 ) ) ;
#89 = VERTEX_POINT ( 'NONE', #1216 ) ;
#90 = ORIENTED_EDGE ( 'NONE', *, *, #51, .T. ) ;
#91 = VERTEX_POINT ( 'NONE', #1215 ) ;
#92 = EDGE_CURVE ( 'NONE', #1135, #1016, #1214, .T. ) ;
#93 = ORIENTED_EDGE ( 'NONE', *, *, #94, .T. ) ;
#94 = EDGE_CURVE ( 'NONE', #81, #15, #1210, .T. ) ;
#95 = ORIENTED_EDGE ( 'NONE', *, *, #14, .F. ) ;
#96 = ORIENTED_EDGE ( 'NONE', *, *, #804, .F. ) ;
#97 = ORIENTED_EDGE ( 'NONE', *, *, #303, .T. ) ;
#98 = ORIENTED_EDGE ( 'NONE', *, *, #345, .T. ) ;
#99 = ORIENTED_EDGE ( 'NONE', *, *, #797, .T. ) ;
#100 = ORIENTED_EDGE ( 'NONE', *, *, #1121, .T. ) ;
#101 = ADVANCED_FACE ( 'NONE', ( #1206, #1205, #1204, #1203 ), #1198, .F. ) ;
#102 = EDGE_LOOP ( 'NONE', ( #103, #8, #82, #85, #87, #129 ) ) ;
#103 = ORIENTED_EDGE ( 'NONE', *, *, #2, .F. ) ;
#104 = ORIENTED_EDGE ( 'NONE', *, *, #264, .T. ) ;
#105 = ADVANCED_FACE ( 'NONE', ( #1333 ), #1330, .T. ) ;
#106 = EDGE_CURVE ( 'NONE', #997, #1059, #1328, .T. ) ;
#107 = ADVANCED_FACE ( 'NONE', ( #1324 ), #1329, .F. ) ;
#108 = EDGE_LOOP ( 'NONE', ( #109, #246, #247, #248 ) ) ;
#109 = ORIENTED_EDGE ( 'NONE', *, *, #1065, .F. ) ;
#110 = ORIENTED_EDGE ( 'NONE', *, *, #188, .T. ) ;
#111 = ORIENTED_EDGE ( 'NONE', *, *, #124, .T. ) ;
#112 = ORIENTED_EDGE ( 'NONE', *, *, #113, .T. ) ;
#113 = EDGE_CURVE ( 'NONE', #1141, #1171, #1318, .T. ) ;
#114 = ORIENTED_EDGE ( 'NONE', *, *, #1170, .F. ) ;
#115 = ORIENTED_EDGE ( 'NONE', *, *, #116, .F. ) ;
#116 = EDGE_CURVE ( 'NONE', #368, #1161, #1200, .T. ) ;
#117 = EDGE_LOOP ( 'NONE', ( #35, #38, #39, #66, #55, #58 ) ) ;
#118 = ORIENTED_EDGE ( 'NONE', *, *, #859, .F. ) ;
#119 = ORIENTED_EDGE ( 'NONE', *, *, #766, .F. ) ;
#120 = ORIENTED_EDGE ( 'NONE', *, *, #845, .F. ) ;
#121 = ORIENTED_EDGE ( 'NONE', *, *, #855, .F. ) ;
#122 = ORIENTED_EDGE ( 'NONE', *, *, #775, .F. ) ;
#123 = EDGE_LOOP ( 'NONE', ( #25, #126, #285, #33, #34, #112, #114, #111, #125, #115 ) ) ;
#124 = EDGE_CURVE ( 'NONE', #1157, #1164, #1391, .T. ) ;
#125 = ORIENTED_EDGE ( 'NONE', *, *, #1163, .F. ) ;
#126 = ORIENTED_EDGE ( 'NONE', *, *, #127, .T. ) ;
#127 = EDGE_CURVE ( 'NONE', #440, #128, #1385, .T. ) ;
#128 = VERTEX_POINT ( 'NONE', #1335 ) ;
#129 = ORIENTED_EDGE ( 'NONE', *, *, #24, .F. ) ;
#130 = ORIENTED_EDGE ( 'NONE', *, *, #1186, .F. ) ;
#131 = ORIENTED_EDGE ( 'NONE', *, *, #289, .T. ) ;
#132 = ORIENTED_EDGE ( 'NONE', *, *, #182, .T. ) ;
#133 = ORIENTED_EDGE ( 'NONE', *, *, #71, .T. ) ;
#134 = EDGE_CURVE ( 'NONE', #1016, #81, #1386, .T. ) ;
#135 = ORIENTED_EDGE ( 'NONE', *, *, #17, .F. ) ;
#136 = ORIENTED_EDGE ( 'NONE', *, *, #137, .F. ) ;
#137 = EDGE_CURVE ( 'NONE', #143, #159, #1343, .T. ) ;
#138 = ORIENTED_EDGE ( 'NONE', *, *, #163, .T. ) ;
#139 = ADVANCED_FACE ( 'NONE', ( #1339 ), #1383, .F. ) ;
#140 = EDGE_LOOP ( 'NONE', ( #141, #142, #169, #170 ) ) ;
#141 = ORIENTED_EDGE ( 'NONE', *, *, #158, .F. ) ;
#142 = ORIENTED_EDGE ( 'NONE', *, *, #9, .F. ) ;
#143 = VERTEX_POINT ( 'NONE', #1384 ) ;
#144 = ORIENTED_EDGE ( 'NONE', *, *, #274, .T. ) ;
#145 = ORIENTED_EDGE ( 'NONE', *, *, #134, .T. ) ;
#146 = ORIENTED_EDGE ( 'NONE', *, *, #153, .T. ) ;
#147 = ORIENTED_EDGE ( 'NONE', *, *, #249, .T. ) ;
#148 = ORIENTED_EDGE ( 'NONE', *, *, #255, .T. ) ;
#149 = ORIENTED_EDGE ( 'NONE', *, *, #206, .T. ) ;
#150 = ORIENTED_EDGE ( 'NONE', *, *, #229, .T. ) ;
#151 = ORIENTED_EDGE ( 'NONE', *, *, #163, .F. ) ;
#152 = ORIENTED_EDGE ( 'NONE', *, *, #153, .F. ) ;
#153 = EDGE_CURVE ( 'NONE', #81, #143, #1395, .T. ) ;
#154 = ORIENTED_EDGE ( 'NONE', *, *, #80, .T. ) ;
#155 = EDGE_LOOP ( 'NONE', ( #151, #152, #154, #178 ) ) ;
#156 = ORIENTED_EDGE ( 'NONE', *, *, #134, .F. ) ;
#157 = ORIENTED_EDGE ( 'NONE', *, *, #158, .T. ) ;
#158 = EDGE_CURVE ( 'NONE', #10, #159, #1358, .T. ) ;
#159 = VERTEX_POINT ( 'NONE', #1354 ) ;
#160 = ORIENTED_EDGE ( 'NONE', *, *, #258, .T. ) ;
#161 = ORIENTED_EDGE ( 'NONE', *, *, #254, .T. ) ;
#162 = ORIENTED_EDGE ( 'NONE', *, *, #278, .T. ) ;
#163 = EDGE_CURVE ( 'NONE', #143, #84, #1353, .T. ) ;
#164 = ORIENTED_EDGE ( 'NONE', *, *, #417, .T. ) ;
#165 = ORIENTED_EDGE ( 'NONE', *, *, #237, .T. ) ;
#166 = ORIENTED_EDGE ( 'NONE', *, *, #194, .T. ) ;
#167 = EDGE_LOOP ( 'NONE', ( #160, #161, #162, #131, #132, #133 ) ) ;
#168 = ORIENTED_EDGE ( 'NONE', *, *, #1015, .F. ) ;
#169 = ORIENTED_EDGE ( 'NONE', *, *, #213, .F. ) ;
#170 = ORIENTED_EDGE ( 'NONE', *, *, #171, .F. ) ;
#171 = EDGE_CURVE ( 'NONE', #159, #211, #1348, .T. ) ;
#172 = ADVANCED_FACE ( 'NONE', ( #1349, #1380, #1379 ), #1378, .T. ) ;
#173 = EDGE_LOOP ( 'NONE', ( #174, #175, #176, #144, #145, #146 ) ) ;
#174 = ORIENTED_EDGE ( 'NONE', *, *, #137, .T. ) ;
#175 = ORIENTED_EDGE ( 'NONE', *, *, #171, .T. ) ;
#176 = ORIENTED_EDGE ( 'NONE', *, *, #210, .T. ) ;
#177 = ADVANCED_FACE ( 'NONE', ( #1377 ), #1372, .T. ) ;
#178 = ORIENTED_EDGE ( 'NONE', *, *, #86, .T. ) ;
#179 = EDGE_LOOP ( 'NONE', ( #218, #157, #136, #138 ) ) ;
#180 = VERTEX_POINT ( 'NONE', #1451 ) ;
#181 = ORIENTED_EDGE ( 'NONE', *, *, #182, .F. ) ;
#182 = EDGE_CURVE ( 'NONE', #933, #180, #1429, .T. ) ;
#183 = ORIENTED_EDGE ( 'NONE', *, *, #932, .T. ) ;
#184 = ORIENTED_EDGE ( 'NONE', *, *, #36, .T. ) ;
#185 = ADVANCED_FACE ( 'NONE', ( #1482 ), #1453, .T. ) ;
#186 = EDGE_LOOP ( 'NONE', ( #60, #61, #70, #72 ) ) ;
#187 = EDGE_CURVE ( 'NONE', #406, #128, #1419, .T. ) ;
#188 = EDGE_CURVE ( 'NONE', #54, #65, #1461, .T. ) ;
#189 = ADVANCED_FACE ( 'NONE', ( #1471 ), #1476, .F. ) ;
#190 = EDGE_LOOP ( 'NONE', ( #270, #271, #251, #252 ) ) ;
#191 = ORIENTED_EDGE ( 'NONE', *, *, #127, .F. ) ;
#192 = ORIENTED_EDGE ( 'NONE', *, *, #399, .F. ) ;
#193 = ORIENTED_EDGE ( 'NONE', *, *, #194, .F. ) ;
#194 = EDGE_CURVE ( 'NONE', #235, #431, #1432, .T. ) ;
#195 = ADVANCED_FACE ( 'NONE', ( #1449 ), #1446, .T. ) ;
#196 = EDGE_LOOP ( 'NONE', ( #197, #198, #199, #200 ) ) ;
#197 = ORIENTED_EDGE ( 'NONE', *, *, #367, .F. ) ;
#198 = ORIENTED_EDGE ( 'NONE', *, *, #116, .T. ) ;
#199 = ORIENTED_EDGE ( 'NONE', *, *, #996, .T. ) ;
#200 = ORIENTED_EDGE ( 'NONE', *, *, #201, .F. ) ;
#201 = EDGE_CURVE ( 'NONE', #422, #997, #1406, .T. ) ;
#202 = ORIENTED_EDGE ( 'NONE', *, *, #1020, .F. ) ;
#203 = ORIENTED_EDGE ( 'NONE', *, *, #113, .F. ) ;
#204 = ORIENTED_EDGE ( 'NONE', *, *, #1023, .F. ) ;
#205 = ORIENTED_EDGE ( 'NONE', *, *, #206, .F. ) ;
#206 = EDGE_CURVE ( 'NONE', #1110, #1024, #1458, .T. ) ;
#207 = EDGE_LOOP ( 'NONE', ( #224, #225, #226, #227 ) ) ;
#208 = VERTEX_POINT ( 'NONE', #1437 ) ;
#209 = ORIENTED_EDGE ( 'NONE', *, *, #210, .F. ) ;
#210 = EDGE_CURVE ( 'NONE', #211, #208, #1436, .T. ) ;
#211 = VERTEX_POINT ( 'NONE', #1413 ) ;
#212 = ORIENTED_EDGE ( 'NONE', *, *, #213, .T. ) ;
#213 = EDGE_CURVE ( 'NONE', #211, #6, #1411, .T. ) ;
#214 = EDGE_LOOP ( 'NONE', ( #273, #104, #265, #266 ) ) ;
#215 = ORIENTED_EDGE ( 'NONE', *, *, #1109, .F. ) ;
#216 = ORIENTED_EDGE ( 'NONE', *, *, #255, .F. ) ;
#217 = ADVANCED_FACE ( 'NONE', ( #1407 ), #1412, .T. ) ;
#218 = ORIENTED_EDGE ( 'NONE', *, *, #83, .T. ) ;
#219 = EDGE_LOOP ( 'NONE', ( #220, #221, #222, #147, #148, #149, #150, #164, #165, #166 ) ) ;
#220 = ORIENTED_EDGE ( 'NONE', *, *, #430, .T. ) ;
#221 = ORIENTED_EDGE ( 'NONE', *, *, #201, .T. ) ;
#222 = ORIENTED_EDGE ( 'NONE', *, *, #106, .T. ) ;
#223 = ADVANCED_FACE ( 'NONE', ( #1441 ), #1440, .F. ) ;
#224 = ORIENTED_EDGE ( 'NONE', *, *, #1030, .F. ) ;
#225 = ORIENTED_EDGE ( 'NONE', *, *, #976, .F. ) ;
#226 = ORIENTED_EDGE ( 'NONE', *, *, #987, .F. ) ;
#227 = ORIENTED_EDGE ( 'NONE', *, *, #229, .F. ) ;
#228 = EDGE_LOOP ( 'NONE', ( #231, #232, #233, #236 ) ) ;
#229 = EDGE_CURVE ( 'NONE', #1024, #418, #1468, .T. ) ;
#230 = ADVANCED_FACE ( 'NONE', ( #1464 ), #1463, .T. ) ;
#231 = ORIENTED_EDGE ( 'NONE', *, *, #365, .F. ) ;
#232 = ORIENTED_EDGE ( 'NONE', *, *, #187, .T. ) ;
#233 = ORIENTED_EDGE ( 'NONE', *, *, #234, .T. ) ;
#234 = EDGE_CURVE ( 'NONE', #128, #235, #1425, .T. ) ;
#235 = VERTEX_POINT ( 'NONE', #1421 ) ;
#236 = ORIENTED_EDGE ( 'NONE', *, *, #237, .F. ) ;
#237 = EDGE_CURVE ( 'NONE', #441, #235, #1370, .T. ) ;
#238 = ADVANCED_FACE ( 'NONE', ( #1511 ), #1505, .F. ) ;
#239 = EDGE_LOOP ( 'NONE', ( #240, #191, #192, #193 ) ) ;
#240 = ORIENTED_EDGE ( 'NONE', *, *, #234, .F. ) ;
#241 = EDGE_LOOP ( 'NONE', ( #242, #243, #215, #216 ) ) ;
#242 = ORIENTED_EDGE ( 'NONE', *, *, #1105, .F. ) ;
#243 = ORIENTED_EDGE ( 'NONE', *, *, #1094, .F. ) ;
#244 = ORIENTED_EDGE ( 'NONE', *, *, #281, .T. ) ;
#245 = ORIENTED_EDGE ( 'NONE', *, *, #30, .T. ) ;
#246 = ORIENTED_EDGE ( 'NONE', *, *, #124, .F. ) ;
#247 = ORIENTED_EDGE ( 'NONE', *, *, #1098, .F. ) ;
#248 = ORIENTED_EDGE ( 'NONE', *, *, #249, .F. ) ;
#249 = EDGE_CURVE ( 'NONE', #1059, #1099, #1556, .T. ) ;
#250 = ADVANCED_FACE ( 'NONE', ( #1506 ), #1518, .F. ) ;
#251 = ORIENTED_EDGE ( 'NONE', *, *, #1058, .F. ) ;
#252 = ORIENTED_EDGE ( 'NONE', *, *, #106, .F. ) ;
#253 = ORIENTED_EDGE ( 'NONE', *, *, #254, .F. ) ;
#254 = EDGE_CURVE ( 'NONE', #31, #279, #1625, .T. ) ;
#255 = EDGE_CURVE ( 'NONE', #1099, #1110, #1497, .T. ) ;
#256 = ADVANCED_FACE ( 'NONE', ( #1540 ), #1539, .F. ) ;
#257 = EDGE_LOOP ( 'NONE', ( #202, #203, #204, #205 ) ) ;
#258 = EDGE_CURVE ( 'NONE', #63, #31, #1495, .T. ) ;
#259 = EDGE_LOOP ( 'NONE', ( #110, #244, #253, #245 ) ) ;
#260 = ADVANCED_FACE ( 'NONE', ( #1491 ), #1508, .T. ) ;
#261 = EDGE_LOOP ( 'NONE', ( #262, #263, #209, #212 ) ) ;
#262 = ORIENTED_EDGE ( 'NONE', *, *, #2, .T. ) ;
#263 = ORIENTED_EDGE ( 'NONE', *, *, #264, .F. ) ;
#264 = EDGE_CURVE ( 'NONE', #208, #7, #1489, .T. ) ;
#265 = ORIENTED_EDGE ( 'NONE', *, *, #24, .T. ) ;
#266 = ORIENTED_EDGE ( 'NONE', *, *, #92, .T. ) ;
#267 = ADVANCED_FACE ( 'NONE', ( #1485 ), #1634, .F. ) ;
#268 = EDGE_LOOP ( 'NONE', ( #269, #156, #168, #135 ) ) ;
#269 = ORIENTED_EDGE ( 'NONE', *, *, #94, .F. ) ;
#270 = ORIENTED_EDGE ( 'NONE', *, *, #1003, .F. ) ;
#271 = ORIENTED_EDGE ( 'NONE', *, *, #1047, .F. ) ;
#272 = ADVANCED_FACE ( 'NONE', ( #1635 ), #1629, .T. ) ;
#273 = ORIENTED_EDGE ( 'NONE', *, *, #274, .F. ) ;
#274 = EDGE_CURVE ( 'NONE', #208, #1016, #1592, .T. ) ;
#275 = ADVANCED_FACE ( 'NONE', ( #1585 ), #1584, .T. ) ;
#276 = EDGE_LOOP ( 'NONE', ( #277, #280, #282, #283 ) ) ;
#277 = ORIENTED_EDGE ( 'NONE', *, *, #278, .F. ) ;
#278 = EDGE_CURVE ( 'NONE', #279, #942, #1504, .T. ) ;
#279 = VERTEX_POINT ( 'NONE', #1498 ) ;
#280 = ORIENTED_EDGE ( 'NONE', *, *, #281, .F. ) ;
#281 = EDGE_CURVE ( 'NONE', #65, #279, #1619, .T. ) ;
#282 = ORIENTED_EDGE ( 'NONE', *, *, #64, .T. ) ;
#283 = ORIENTED_EDGE ( 'NONE', *, *, #1045, .T. ) ;
#284 = EDGE_LOOP ( 'NONE', ( #287, #288, #290, #26 ) ) ;
#285 = ORIENTED_EDGE ( 'NONE', *, *, #187, .F. ) ;
#286 = ADVANCED_FACE ( 'NONE', ( #1615 ), #1614, .F. ) ;
#287 = ORIENTED_EDGE ( 'NONE', *, *, #935, .F. ) ;
#288 = ORIENTED_EDGE ( 'NONE', *, *, #289, .F. ) ;
#289 = EDGE_CURVE ( 'NONE', #942, #933, #1609, .T. ) ;
#290 = ORIENTED_EDGE ( 'NONE', *, *, #1093, .F. ) ;
#291 = ORIENTED_EDGE ( 'NONE', *, *, #394, .T. ) ;
#292 = ORIENTED_EDGE ( 'NONE', *, *, #353, .T. ) ;
#293 = ORIENTED_EDGE ( 'NONE', *, *, #303, .F. ) ;
#294 = VERTEX_POINT ( 'NONE', #1605 ) ;
#295 = EDGE_CURVE ( 'NONE', #358, #472, #1604, .T. ) ;
#296 = ADVANCED_FACE ( 'NONE', ( #1600 ), #1599, .T. ) ;
#297 = EDGE_LOOP ( 'NONE', ( #298, #308, #339, #613, #715, #641, #605, #615, #705, #686, #699, #702 ) ) ;
#298 = ORIENTED_EDGE ( 'NONE', *, *, #299, .T. ) ;
#299 = EDGE_CURVE ( 'NONE', #300, #307, #1582, .T. ) ;
#300 = VERTEX_POINT ( 'NONE', #1578 ) ;
#301 = EDGE_LOOP ( 'NONE', ( #335, #337, #330, #344, #347 ) ) ;
#302 = EDGE_CURVE ( 'NONE', #342, #358, #1577, .T. ) ;
#303 = EDGE_CURVE ( 'NONE', #294, #346, #1572, .T. ) ;
#304 = ORIENTED_EDGE ( 'NONE', *, *, #305, .F. ) ;
#305 = EDGE_CURVE ( 'NONE', #356, #294, #1568, .T. ) ;
#306 = ORIENTED_EDGE ( 'NONE', *, *, #302, .F. ) ;
#307 = VERTEX_POINT ( 'NONE', #1563 ) ;
#308 = ORIENTED_EDGE ( 'NONE', *, *, #309, .T. ) ;
#309 = EDGE_CURVE ( 'NONE', #307, #338, #1562, .T. ) ;
#310 = EDGE_LOOP ( 'NONE', ( #553, #523, #469, #468 ) ) ;
#311 = VERTEX_POINT ( 'NONE', #1558 ) ;
#312 = EDGE_CURVE ( 'NONE', #311, #316, #1557, .T. ) ;
#313 = EDGE_CURVE ( 'NONE', #320, #316, #1549, .T. ) ;
#314 = EDGE_LOOP ( 'NONE', ( #557, #558 ) ) ;
#315 = ORIENTED_EDGE ( 'NONE', *, *, #461, .F. ) ;
#316 = VERTEX_POINT ( 'NONE', #1545 ) ;
#317 = ORIENTED_EDGE ( 'NONE', *, *, #552, .T. ) ;
#318 = ORIENTED_EDGE ( 'NONE', *, *, #566, .T. ) ;
#319 = VERTEX_POINT ( 'NONE', #1544 ) ;
#320 = VERTEX_POINT ( 'NONE', #1543 ) ;
#321 = ORIENTED_EDGE ( 'NONE', *, *, #322, .F. ) ;
#322 = EDGE_CURVE ( 'NONE', #560, #518, #1537, .T. ) ;
#323 = ORIENTED_EDGE ( 'NONE', *, *, #324, .T. ) ;
#324 = EDGE_CURVE ( 'NONE', #444, #42, #1533, .T. ) ;
#325 = EDGE_LOOP ( 'NONE', ( #291, #292, #293, #304 ) ) ;
#326 = EDGE_LOOP ( 'NONE', ( #341, #349 ) ) ;
#327 = ORIENTED_EDGE ( 'NONE', *, *, #295, .F. ) ;
#328 = EDGE_CURVE ( 'NONE', #329, #617, #1529, .T. ) ;
#329 = VERTEX_POINT ( 'NONE', #1525 ) ;
#330 = ORIENTED_EDGE ( 'NONE', *, *, #331, .F. ) ;
#331 = EDGE_CURVE ( 'NONE', #332, #329, #1524, .T. ) ;
#332 = VERTEX_POINT ( 'NONE', #1520 ) ;
#333 = ORIENTED_EDGE ( 'NONE', *, *, #552, .F. ) ;
#334 = ORIENTED_EDGE ( 'NONE', *, *, #53, .F. ) ;
#335 = ORIENTED_EDGE ( 'NONE', *, *, #336, .F. ) ;
#336 = EDGE_CURVE ( 'NONE', #617, #340, #1519, .T. ) ;
#337 = ORIENTED_EDGE ( 'NONE', *, *, #328, .F. ) ;
#338 = VERTEX_POINT ( 'NONE', #1639 ) ;
#339 = ORIENTED_EDGE ( 'NONE', *, *, #614, .T. ) ;
#340 = VERTEX_POINT ( 'NONE', #1654 ) ;
#341 = ORIENTED_EDGE ( 'NONE', *, *, #438, .F. ) ;
#342 = VERTEX_POINT ( 'NONE', #1638 ) ;
#343 = EDGE_CURVE ( 'NONE', #576, #342, #1667, .T. ) ;
#344 = ORIENTED_EDGE ( 'NONE', *, *, #345, .F. ) ;
#345 = EDGE_CURVE ( 'NONE', #346, #332, #1662, .T. ) ;
#346 = VERTEX_POINT ( 'NONE', #1663 ) ;
#347 = ORIENTED_EDGE ( 'NONE', *, *, #353, .F. ) ;
#348 = EDGE_LOOP ( 'NONE', ( #355, #393, #395, #361 ) ) ;
#349 = ORIENTED_EDGE ( 'NONE', *, *, #528, .F. ) ;
#350 = ADVANCED_FACE ( 'NONE', ( #1658 ), #1657, .F. ) ;
#351 = EDGE_LOOP ( 'NONE', ( #334, #333 ) ) ;
#352 = ORIENTED_EDGE ( 'NONE', *, *, #474, .F. ) ;
#353 = EDGE_CURVE ( 'NONE', #340, #346, #1652, .T. ) ;
#354 = ADVANCED_FACE ( 'NONE', ( #1643 ), #1847, .T. ) ;
#355 = ORIENTED_EDGE ( 'NONE', *, *, #336, .T. ) ;
#356 = VERTEX_POINT ( 'NONE', #1846 ) ;
#357 = ORIENTED_EDGE ( 'NONE', *, *, #575, .F. ) ;
#358 = VERTEX_POINT ( 'NONE', #1841 ) ;
#359 = ORIENTED_EDGE ( 'NONE', *, *, #570, .F. ) ;
#360 = EDGE_LOOP ( 'NONE', ( #642, #357, #359, #352, #327, #306 ) ) ;
#361 = ORIENTED_EDGE ( 'NONE', *, *, #362, .T. ) ;
#362 = EDGE_CURVE ( 'NONE', #397, #617, #1839, .T. ) ;
#363 = ADVANCED_FACE ( 'NONE', ( #1835 ), #1863, .T. ) ;
#364 = ORIENTED_EDGE ( 'NONE', *, *, #365, .T. ) ;
#365 = EDGE_CURVE ( 'NONE', #406, #441, #1858, .T. ) ;
#366 = ORIENTED_EDGE ( 'NONE', *, *, #367, .T. ) ;
#367 = EDGE_CURVE ( 'NONE', #368, #422, #1854, .T. ) ;
#368 = VERTEX_POINT ( 'NONE', #1818 ) ;
#369 = VERTEX_POINT ( 'NONE', #1817 ) ;
#370 = ORIENTED_EDGE ( 'NONE', *, *, #371, .T. ) ;
#371 = EDGE_CURVE ( 'NONE', #369, #372, #1816, .T. ) ;
#372 = VERTEX_POINT ( 'NONE', #1812 ) ;
#373 = VERTEX_POINT ( 'NONE', #1811 ) ;
#374 = EDGE_LOOP ( 'NONE', ( #432, #366, #429, #398 ) ) ;
#375 = EDGE_CURVE ( 'NONE', #376, #382, #1810, .T. ) ;
#376 = VERTEX_POINT ( 'NONE', #1806 ) ;
#377 = ORIENTED_EDGE ( 'NONE', *, *, #378, .T. ) ;
#378 = EDGE_CURVE ( 'NONE', #376, #379, #1805, .T. ) ;
#379 = VERTEX_POINT ( 'NONE', #1801 ) ;
#380 = ORIENTED_EDGE ( 'NONE', *, *, #381, .T. ) ;
#381 = EDGE_CURVE ( 'NONE', #491, #382, #1800, .T. ) ;
#382 = VERTEX_POINT ( 'NONE', #1796 ) ;
#383 = ORIENTED_EDGE ( 'NONE', *, *, #375, .F. ) ;
#384 = EDGE_LOOP ( 'NONE', ( #488, #511, #506, #389 ) ) ;
#385 = VERTEX_POINT ( 'NONE', #1795 ) ;
#386 = EDGE_CURVE ( 'NONE', #387, #555, #1794, .T. ) ;
#387 = VERTEX_POINT ( 'NONE', #1790 ) ;
#388 = ORIENTED_EDGE ( 'NONE', *, *, #49, .F. ) ;
#389 = ORIENTED_EDGE ( 'NONE', *, *, #513, .T. ) ;
#390 = VERTEX_POINT ( 'NONE', #1789 ) ;
#391 = ORIENTED_EDGE ( 'NONE', *, *, #451, .T. ) ;
#392 = ORIENTED_EDGE ( 'NONE', *, *, #446, .T. ) ;
#393 = ORIENTED_EDGE ( 'NONE', *, *, #394, .F. ) ;
#394 = EDGE_CURVE ( 'NONE', #356, #340, #1788, .T. ) ;
#395 = ORIENTED_EDGE ( 'NONE', *, *, #396, .F. ) ;
#396 = EDGE_CURVE ( 'NONE', #397, #356, #1722, .T. ) ;
#397 = VERTEX_POINT ( 'NONE', #1717 ) ;
#398 = ORIENTED_EDGE ( 'NONE', *, *, #399, .T. ) ;
#399 = EDGE_CURVE ( 'NONE', #431, #440, #1716, .T. ) ;
#400 = ADVANCED_FACE ( 'NONE', ( #1712 ), #1711, .F. ) ;
#401 = ORIENTED_EDGE ( 'NONE', *, *, #53, .T. ) ;
#402 = EDGE_LOOP ( 'NONE', ( #403, #364, #407, #419 ) ) ;
#403 = ORIENTED_EDGE ( 'NONE', *, *, #404, .T. ) ;
#404 = EDGE_CURVE ( 'NONE', #405, #406, #1706, .T. ) ;
#405 = VERTEX_POINT ( 'NONE', #1701 ) ;
#406 = VERTEX_POINT ( 'NONE', #1787 ) ;
#407 = ORIENTED_EDGE ( 'NONE', *, *, #417, .F. ) ;
#408 = ORIENTED_EDGE ( 'NONE', *, *, #470, .F. ) ;
#409 = ORIENTED_EDGE ( 'NONE', *, *, #572, .T. ) ;
#410 = EDGE_LOOP ( 'NONE', ( #483, #473, #476, #478 ) ) ;
#411 = EDGE_CURVE ( 'NONE', #559, #556, #1786, .T. ) ;
#412 = ORIENTED_EDGE ( 'NONE', *, *, #413, .T. ) ;
#413 = EDGE_CURVE ( 'NONE', #580, #414, #1782, .T. ) ;
#414 = VERTEX_POINT ( 'NONE', #1778 ) ;
#415 = EDGE_LOOP ( 'NONE', ( #526, #527, #529, #481 ) ) ;
#416 = ORIENTED_EDGE ( 'NONE', *, *, #563, .T. ) ;
#417 = EDGE_CURVE ( 'NONE', #418, #441, #1777, .T. ) ;
#418 = VERTEX_POINT ( 'NONE', #1772 ) ;
#419 = ORIENTED_EDGE ( 'NONE', *, *, #420, .T. ) ;
#420 = EDGE_CURVE ( 'NONE', #418, #405, #1771, .T. ) ;
#421 = EDGE_CURVE ( 'NONE', #440, #368, #1767, .T. ) ;
#422 = VERTEX_POINT ( 'NONE', #1762 ) ;
#423 = ADVANCED_FACE ( 'NONE', ( #1761 ), #1760, .T. ) ;
#424 = ORIENTED_EDGE ( 'NONE', *, *, #425, .F. ) ;
#425 = EDGE_CURVE ( 'NONE', #373, #372, #1758, .T. ) ;
#426 = ORIENTED_EDGE ( 'NONE', *, *, #427, .F. ) ;
#427 = EDGE_CURVE ( 'NONE', #439, #373, #1750, .T. ) ;
#428 = EDGE_LOOP ( 'NONE', ( #401, #90, #50, #47 ) ) ;
#429 = ORIENTED_EDGE ( 'NONE', *, *, #430, .F. ) ;
#430 = EDGE_CURVE ( 'NONE', #431, #422, #1745, .T. ) ;
#431 = VERTEX_POINT ( 'NONE', #1740 ) ;
#432 = ORIENTED_EDGE ( 'NONE', *, *, #421, .T. ) ;
#433 = MANIFOLD_SOLID_BREP ( 'NONE', #88 ) ;
#434 = ADVANCED_FACE ( 'NONE', ( #1697 ), #1696, .T. ) ;
#435 = ADVANCED_FACE ( 'NONE', ( #1695 ), #1690, .F. ) ;
#436 = EDGE_LOOP ( 'NONE', ( #437, #370, #424, #426 ) ) ;
#437 = ORIENTED_EDGE ( 'NONE', *, *, #438, .T. ) ;
#438 = EDGE_CURVE ( 'NONE', #439, #369, #1685, .T. ) ;
#439 = VERTEX_POINT ( 'NONE', #1680 ) ;
#440 = VERTEX_POINT ( 'NONE', #1679 ) ;
#441 = VERTEX_POINT ( 'NONE', #1678 ) ;
#442 = EDGE_LOOP ( 'NONE', ( #445, #564 ) ) ;
#443 = EDGE_CURVE ( 'NONE', #486, #444, #1676, .T. ) ;
#444 = VERTEX_POINT ( 'NONE', #1927 ) ;
#445 = ORIENTED_EDGE ( 'NONE', *, *, #425, .T. ) ;
#446 = EDGE_CURVE ( 'NONE', #379, #447, #1899, .T. ) ;
#447 = VERTEX_POINT ( 'NONE', #1895 ) ;
#448 = ORIENTED_EDGE ( 'NONE', *, *, #449, .F. ) ;
#449 = EDGE_CURVE ( 'NONE', #501, #447, #2107, .T. ) ;
#450 = ORIENTED_EDGE ( 'NONE', *, *, #451, .F. ) ;
#451 = EDGE_CURVE ( 'NONE', #492, #379, #2101, .T. ) ;
#452 = ADVANCED_FACE ( 'NONE', ( #2097 ), #2079, .T. ) ;
#453 = EDGE_LOOP ( 'NONE', ( #454, #455, #502, #505 ) ) ;
#454 = ORIENTED_EDGE ( 'NONE', *, *, #490, .T. ) ;
#455 = ORIENTED_EDGE ( 'NONE', *, *, #456, .F. ) ;
#456 = EDGE_CURVE ( 'NONE', #501, #492, #2074, .T. ) ;
#457 = ADVANCED_FACE ( 'NONE', ( #2070 ), #2069, .F. ) ;
#458 = ORIENTED_EDGE ( 'NONE', *, *, #312, .F. ) ;
#459 = ORIENTED_EDGE ( 'NONE', *, *, #313, .T. ) ;
#460 = EDGE_CURVE ( 'NONE', #52, #40, #2067, .T. ) ;
#461 = EDGE_CURVE ( 'NONE', #559, #311, #2059, .T. ) ;
#462 = ADVANCED_FACE ( 'NONE', ( #2055 ), #2052, .F. ) ;
#463 = ORIENTED_EDGE ( 'NONE', *, *, #51, .F. ) ;
#464 = ORIENTED_EDGE ( 'NONE', *, *, #516, .T. ) ;
#465 = ORIENTED_EDGE ( 'NONE', *, *, #460, .F. ) ;
#466 = ADVANCED_FACE ( 'NONE', ( #2054 ), #2053, .T. ) ;
#467 = EDGE_LOOP ( 'NONE', ( #409, #408, #416, #573 ) ) ;
#468 = ORIENTED_EDGE ( 'NONE', *, *, #581, .T. ) ;
#469 = ORIENTED_EDGE ( 'NONE', *, *, #461, .T. ) ;
#470 = EDGE_CURVE ( 'NONE', #518, #580, #2045, .T. ) ;
#471 = EDGE_CURVE ( 'NONE', #472, #444, #2039, .T. ) ;
#472 = VERTEX_POINT ( 'NONE', #2035 ) ;
#473 = ORIENTED_EDGE ( 'NONE', *, *, #474, .T. ) ;
#474 = EDGE_CURVE ( 'NONE', #472, #475, #2034, .T. ) ;
#475 = VERTEX_POINT ( 'NONE', #2030 ) ;
#476 = ORIENTED_EDGE ( 'NONE', *, *, #477, .T. ) ;
#477 = EDGE_CURVE ( 'NONE', #475, #42, #2029, .T. ) ;
#478 = ORIENTED_EDGE ( 'NONE', *, *, #324, .F. ) ;
#479 = ADVANCED_FACE ( 'NONE', ( #2025 ), #2022, .F. ) ;
#480 = EDGE_LOOP ( 'NONE', ( #568, #569, #531, #533 ) ) ;
#481 = ORIENTED_EDGE ( 'NONE', *, *, #521, .F. ) ;
#482 = ADVANCED_FACE ( 'NONE', ( #2018 ), #2021, .F. ) ;
#483 = ORIENTED_EDGE ( 'NONE', *, *, #471, .F. ) ;
#484 = ORIENTED_EDGE ( 'NONE', *, *, #485, .T. ) ;
#485 = EDGE_CURVE ( 'NONE', #1, #486, #2015, .T. ) ;
#486 = VERTEX_POINT ( 'NONE', #2009 ) ;
#487 = ADVANCED_FACE ( 'NONE', ( #2008, #2007 ), #2006, .T. ) ;
#488 = ORIENTED_EDGE ( 'NONE', *, *, #540, .F. ) ;
#489 = ADVANCED_FACE ( 'NONE', ( #2004 ), #2000, .F. ) ;
#490 = EDGE_CURVE ( 'NONE', #491, #492, #1994, .T. ) ;
#491 = VERTEX_POINT ( 'NONE', #1990 ) ;
#492 = VERTEX_POINT ( 'NONE', #1989 ) ;
#493 = EDGE_LOOP ( 'NONE', ( #549, #546, #494, #496 ) ) ;
#494 = ORIENTED_EDGE ( 'NONE', *, *, #495, .T. ) ;
#495 = EDGE_CURVE ( 'NONE', #320, #385, #1988, .T. ) ;
#496 = ORIENTED_EDGE ( 'NONE', *, *, #497, .T. ) ;
#497 = EDGE_CURVE ( 'NONE', #385, #390, #1983, .T. ) ;
#498 = ORIENTED_EDGE ( 'NONE', *, *, #490, .F. ) ;
#499 = VERTEX_POINT ( 'NONE', #1979 ) ;
#500 = EDGE_CURVE ( 'NONE', #1, #499, #1978, .T. ) ;
#501 = VERTEX_POINT ( 'NONE', #1973 ) ;
#502 = ORIENTED_EDGE ( 'NONE', *, *, #503, .F. ) ;
#503 = EDGE_CURVE ( 'NONE', #504, #501, #1972, .T. ) ;
#504 = VERTEX_POINT ( 'NONE', #1967 ) ;
#505 = ORIENTED_EDGE ( 'NONE', *, *, #541, .T. ) ;
#506 = ORIENTED_EDGE ( 'NONE', *, *, #500, .T. ) ;
#507 = ORIENTED_EDGE ( 'NONE', *, *, #413, .F. ) ;
#508 = ORIENTED_EDGE ( 'NONE', *, *, #572, .F. ) ;
#509 = ORIENTED_EDGE ( 'NONE', *, *, #554, .F. ) ;
#510 = ORIENTED_EDGE ( 'NONE', *, *, #386, .F. ) ;
#511 = ORIENTED_EDGE ( 'NONE', *, *, #485, .F. ) ;
#512 = EDGE_LOOP ( 'NONE', ( #498, #380, #383, #377, #450 ) ) ;
#513 = EDGE_CURVE ( 'NONE', #499, #539, #1966, .T. ) ;
#514 = ORIENTED_EDGE ( 'NONE', *, *, #1116, .T. ) ;
#515 = ORIENTED_EDGE ( 'NONE', *, *, #443, .T. ) ;
#516 = EDGE_CURVE ( 'NONE', #89, #40, #1962, .T. ) ;
#517 = EDGE_LOOP ( 'NONE', ( #463, #317, #464, #465 ) ) ;
#518 = VERTEX_POINT ( 'NONE', #1958 ) ;
#519 = ORIENTED_EDGE ( 'NONE', *, *, #561, .F. ) ;
#520 = EDGE_LOOP ( 'NONE', ( #522, #321, #519, #459, #458, #315 ) ) ;
#521 = EDGE_CURVE ( 'NONE', #372, #373, #1956, .T. ) ;
#522 = ORIENTED_EDGE ( 'NONE', *, *, #563, .F. ) ;
#523 = ORIENTED_EDGE ( 'NONE', *, *, #411, .F. ) ;
#524 = ORIENTED_EDGE ( 'NONE', *, *, #470, .T. ) ;
#525 = ADVANCED_FACE ( 'NONE', ( #1957 ), #1951, .F. ) ;
#526 = ORIENTED_EDGE ( 'NONE', *, *, #371, .F. ) ;
#527 = ORIENTED_EDGE ( 'NONE', *, *, #528, .T. ) ;
#528 = EDGE_CURVE ( 'NONE', #369, #439, #1950, .T. ) ;
#529 = ORIENTED_EDGE ( 'NONE', *, *, #427, .T. ) ;
#530 = EDGE_LOOP ( 'NONE', ( #412, #550, #567, #524 ) ) ;
#531 = ORIENTED_EDGE ( 'NONE', *, *, #532, .T. ) ;
#532 = EDGE_CURVE ( 'NONE', #571, #44, #1941, .T. ) ;
#533 = ORIENTED_EDGE ( 'NONE', *, *, #43, .F. ) ;
#534 = ADVANCED_FACE ( 'NONE', ( #1937, #1936 ), #1935, .F. ) ;
#535 = EDGE_LOOP ( 'NONE', ( #536, #507, #508, #509, #510, #388 ) ) ;
#536 = ORIENTED_EDGE ( 'NONE', *, *, #537, .F. ) ;
#537 = EDGE_CURVE ( 'NONE', #414, #538, #1930, .T. ) ;
#538 = VERTEX_POINT ( 'NONE', #1925 ) ;
#539 = VERTEX_POINT ( 'NONE', #1924 ) ;
#540 = EDGE_CURVE ( 'NONE', #486, #539, #1923, .T. ) ;
#541 = EDGE_CURVE ( 'NONE', #504, #491, #1917, .T. ) ;
#542 = ADVANCED_FACE ( 'NONE', ( #1913 ), #1889, .T. ) ;
#543 = EDGE_LOOP ( 'NONE', ( #544, #391, #392, #448 ) ) ;
#544 = ORIENTED_EDGE ( 'NONE', *, *, #456, .T. ) ;
#545 = ADVANCED_FACE ( 'NONE', ( #1888 ), #1883, .F. ) ;
#546 = ORIENTED_EDGE ( 'NONE', *, *, #313, .F. ) ;
#547 = EDGE_CURVE ( 'NONE', #316, #390, #1878, .T. ) ;
#548 = ORIENTED_EDGE ( 'NONE', *, *, #566, .F. ) ;
#549 = ORIENTED_EDGE ( 'NONE', *, *, #547, .F. ) ;
#550 = ORIENTED_EDGE ( 'NONE', *, *, #551, .F. ) ;
#551 = EDGE_CURVE ( 'NONE', #560, #414, #1872, .T. ) ;
#552 = EDGE_CURVE ( 'NONE', #91, #89, #2322, .T. ) ;
#553 = ORIENTED_EDGE ( 'NONE', *, *, #554, .T. ) ;
#554 = EDGE_CURVE ( 'NONE', #555, #556, #2138, .T. ) ;
#555 = VERTEX_POINT ( 'NONE', #2132 ) ;
#556 = VERTEX_POINT ( 'NONE', #2134 ) ;
#557 = ORIENTED_EDGE ( 'NONE', *, *, #41, .T. ) ;
#558 = ORIENTED_EDGE ( 'NONE', *, *, #460, .T. ) ;
#559 = VERTEX_POINT ( 'NONE', #2133 ) ;
#560 = VERTEX_POINT ( 'NONE', #2296 ) ;
#561 = EDGE_CURVE ( 'NONE', #320, #560, #2295, .T. ) ;
#562 = ADVANCED_FACE ( 'NONE', ( #2291, #2290 ), #2289, .T. ) ;
#563 = EDGE_CURVE ( 'NONE', #518, #559, #2315, .T. ) ;
#564 = ORIENTED_EDGE ( 'NONE', *, *, #521, .T. ) ;
#565 = EDGE_LOOP ( 'NONE', ( #48, #318, #45, #484, #515, #323 ) ) ;
#566 = EDGE_CURVE ( 'NONE', #44, #319, #2311, .T. ) ;
#567 = ORIENTED_EDGE ( 'NONE', *, *, #322, .T. ) ;
#568 = ORIENTED_EDGE ( 'NONE', *, *, #477, .F. ) ;
#569 = ORIENTED_EDGE ( 'NONE', *, *, #570, .T. ) ;
#570 = EDGE_CURVE ( 'NONE', #475, #571, #2307, .T. ) ;
#571 = VERTEX_POINT ( 'NONE', #2303 ) ;
#572 = EDGE_CURVE ( 'NONE', #556, #580, #2302, .T. ) ;
#573 = ORIENTED_EDGE ( 'NONE', *, *, #411, .T. ) ;
#574 = ADVANCED_FACE ( 'NONE', ( #2298 ), #2297, .T. ) ;
#575 = EDGE_CURVE ( 'NONE', #571, #576, #2346, .T. ) ;
#576 = VERTEX_POINT ( 'NONE', #2342 ) ;
#577 = ORIENTED_EDGE ( 'NONE', *, *, #578, .T. ) ;
#578 = EDGE_CURVE ( 'NONE', #576, #319, #2341, .T. ) ;
#579 = ADVANCED_FACE ( 'NONE', ( #2337 ), #2336, .T. ) ;
#580 = VERTEX_POINT ( 'NONE', #2331 ) ;
#581 = EDGE_CURVE ( 'NONE', #311, #555, #2330, .T. ) ;
#582 = ADVANCED_FACE ( 'NONE', ( #2326 ), #2324, .F. ) ;
#583 = EDGE_LOOP ( 'NONE', ( #584, #585, #577, #548 ) ) ;
#584 = ORIENTED_EDGE ( 'NONE', *, *, #532, .F. ) ;
#585 = ORIENTED_EDGE ( 'NONE', *, *, #575, .T. ) ;
#586 = EDGE_CURVE ( 'NONE', #659, #587, #2288, .T. ) ;
#587 = VERTEX_POINT ( 'NONE', #2282 ) ;
#588 = VERTEX_POINT ( 'NONE', #2281 ) ;
#589 = VERTEX_POINT ( 'NONE', #2280 ) ;
#590 = VERTEX_POINT ( 'NONE', #2279 ) ;
#591 = VERTEX_POINT ( 'NONE', #2278 ) ;
#592 = ORIENTED_EDGE ( 'NONE', *, *, #593, .F. ) ;
#593 = EDGE_CURVE ( 'NONE', #594, #591, #2277, .T. ) ;
#594 = VERTEX_POINT ( 'NONE', #2273 ) ;
#595 = ORIENTED_EDGE ( 'NONE', *, *, #678, .F. ) ;
#596 = ORIENTED_EDGE ( 'NONE', *, *, #597, .T. ) ;
#597 = EDGE_CURVE ( 'NONE', #588, #376, #2272, .T. ) ;
#598 = ORIENTED_EDGE ( 'NONE', *, *, #676, .F. ) ;
#599 = ORIENTED_EDGE ( 'NONE', *, *, #375, .T. ) ;
#600 = ORIENTED_EDGE ( 'NONE', *, *, #601, .T. ) ;
#601 = EDGE_CURVE ( 'NONE', #382, #589, #2268, .T. ) ;
#602 = ADVANCED_FACE ( 'NONE', ( #2264 ), #2261, .T. ) ;
#603 = EDGE_LOOP ( 'NONE', ( #674, #592, #679, #681, #903 ) ) ;
#604 = EDGE_LOOP ( 'NONE', ( #722, #720, #658, #625, #637, #670, #672, #616 ) ) ;
#605 = ORIENTED_EDGE ( 'NONE', *, *, #606, .T. ) ;
#606 = EDGE_CURVE ( 'NONE', #692, #640, #2263, .T. ) ;
#607 = EDGE_CURVE ( 'NONE', #724, #611, #2254, .T. ) ;
#608 = ADVANCED_FACE ( 'NONE', ( #2250 ), #2248, .F. ) ;
#609 = EDGE_LOOP ( 'NONE', ( #693, #697, #639, #717, #718, #708, #711, #598 ) ) ;
#610 = EDGE_CURVE ( 'NONE', #714, #669, #2249, .T. ) ;
#611 = VERTEX_POINT ( 'NONE', #2240 ) ;
#612 = EDGE_CURVE ( 'NONE', #668, #714, #2239, .T. ) ;
#613 = ORIENTED_EDGE ( 'NONE', *, *, #612, .T. ) ;
#614 = EDGE_CURVE ( 'NONE', #338, #668, #2235, .T. ) ;
#615 = ORIENTED_EDGE ( 'NONE', *, *, #707, .T. ) ;
#616 = ORIENTED_EDGE ( 'NONE', *, *, #607, .F. ) ;
#617 = VERTEX_POINT ( 'NONE', #2231 ) ;
#618 = EDGE_CURVE ( 'NONE', #719, #539, #2229, .T. ) ;
#619 = EDGE_CURVE ( 'NONE', #620, #385, #2230, .T. ) ;
#620 = VERTEX_POINT ( 'NONE', #2222 ) ;
#621 = EDGE_CURVE ( 'NONE', #669, #692, #2221, .T. ) ;
#622 = EDGE_CURVE ( 'NONE', #638, #695, #2217, .T. ) ;
#623 = VERTEX_POINT ( 'NONE', #2213 ) ;
#624 = VERTEX_POINT ( 'NONE', #2212 ) ;
#625 = ORIENTED_EDGE ( 'NONE', *, *, #513, .F. ) ;
#626 = EDGE_CURVE ( 'NONE', #847, #627, #2211, .T. ) ;
#627 = VERTEX_POINT ( 'NONE', #2207 ) ;
#628 = ORIENTED_EDGE ( 'NONE', *, *, #629, .F. ) ;
#629 = EDGE_CURVE ( 'NONE', #667, #627, #2206, .T. ) ;
#630 = ADVANCED_FACE ( 'NONE', ( #2202 ), #2201, .F. ) ;
#631 = EDGE_LOOP ( 'NONE', ( #632, #635, #636, #886 ) ) ;
#632 = ORIENTED_EDGE ( 'NONE', *, *, #633, .F. ) ;
#633 = EDGE_CURVE ( 'NONE', #624, #634, #2195, .T. ) ;
#634 = VERTEX_POINT ( 'NONE', #2192 ) ;
#635 = ORIENTED_EDGE ( 'NONE', *, *, #671, .F. ) ;
#636 = ORIENTED_EDGE ( 'NONE', *, *, #586, .T. ) ;
#637 = ORIENTED_EDGE ( 'NONE', *, *, #656, .T. ) ;
#638 = VERTEX_POINT ( 'NONE', #2191 ) ;
#639 = ORIENTED_EDGE ( 'NONE', *, *, #716, .F. ) ;
#640 = VERTEX_POINT ( 'NONE', #2190 ) ;
#641 = ORIENTED_EDGE ( 'NONE', *, *, #621, .T. ) ;
#642 = ORIENTED_EDGE ( 'NONE', *, *, #343, .F. ) ;
#643 = ORIENTED_EDGE ( 'NONE', *, *, #651, .F. ) ;
#644 = ORIENTED_EDGE ( 'NONE', *, *, #386, .T. ) ;
#645 = ORIENTED_EDGE ( 'NONE', *, *, #581, .F. ) ;
#646 = ORIENTED_EDGE ( 'NONE', *, *, #312, .T. ) ;
#647 = ADVANCED_FACE ( 'NONE', ( #2189 ), #2188, .T. ) ;
#648 = EDGE_LOOP ( 'NONE', ( #649, #650, #653, #911 ) ) ;
#649 = ORIENTED_EDGE ( 'NONE', *, *, #49, .T. ) ;
#650 = ORIENTED_EDGE ( 'NONE', *, *, #651, .T. ) ;
#651 = EDGE_CURVE ( 'NONE', #387, #652, #2183, .T. ) ;
#652 = VERTEX_POINT ( 'NONE', #2178 ) ;
#653 = ORIENTED_EDGE ( 'NONE', *, *, #654, .F. ) ;
#654 = EDGE_CURVE ( 'NONE', #899, #652, #2177, .T. ) ;
#655 = EDGE_LOOP ( 'NONE', ( #781, #782, #819, #643, #644, #645, #646, #815 ) ) ;
#656 = EDGE_CURVE ( 'NONE', #499, #659, #2173, .T. ) ;
#657 = ADVANCED_FACE ( 'NONE', ( #2169, #2168 ), #2165, .F. ) ;
#658 = ORIENTED_EDGE ( 'NONE', *, *, #618, .T. ) ;
#659 = VERTEX_POINT ( 'NONE', #2127 ) ;
#660 = ADVANCED_FACE ( 'NONE', ( #2126 ), #2125, .T. ) ;
#661 = ORIENTED_EDGE ( 'NONE', *, *, #662, .F. ) ;
#662 = EDGE_CURVE ( 'NONE', #663, #664, #2120, .T. ) ;
#663 = VERTEX_POINT ( 'NONE', #2116 ) ;
#664 = VERTEX_POINT ( 'NONE', #2115 ) ;
#665 = ORIENTED_EDGE ( 'NONE', *, *, #666, .F. ) ;
#666 = EDGE_CURVE ( 'NONE', #667, #663, #2114, .T. ) ;
#667 = VERTEX_POINT ( 'NONE', #2110 ) ;
#668 = VERTEX_POINT ( 'NONE', #2109 ) ;
#669 = VERTEX_POINT ( 'NONE', #2108 ) ;
#670 = ORIENTED_EDGE ( 'NONE', *, *, #671, .T. ) ;
#671 = EDGE_CURVE ( 'NONE', #659, #624, #2164, .T. ) ;
#672 = ORIENTED_EDGE ( 'NONE', *, *, #673, .T. ) ;
#673 = EDGE_CURVE ( 'NONE', #624, #611, #2160, .T. ) ;
#674 = ORIENTED_EDGE ( 'NONE', *, *, #675, .T. ) ;
#675 = EDGE_CURVE ( 'NONE', #447, #591, #2156, .T. ) ;
#676 = EDGE_CURVE ( 'NONE', #696, #590, #2152, .T. ) ;
#677 = EDGE_LOOP ( 'NONE', ( #595, #596, #599, #600 ) ) ;
#678 = EDGE_CURVE ( 'NONE', #588, #589, #2148, .T. ) ;
#679 = ORIENTED_EDGE ( 'NONE', *, *, #680, .T. ) ;
#680 = EDGE_CURVE ( 'NONE', #594, #504, #2144, .T. ) ;
#681 = ORIENTED_EDGE ( 'NONE', *, *, #503, .T. ) ;
#682 = ADVANCED_FACE ( 'NONE', ( #2139 ), #2473, .T. ) ;
#683 = EDGE_CURVE ( 'NONE', #590, #710, #2353, .T. ) ;
#684 = EDGE_CURVE ( 'NONE', #706, #685, #2369, .T. ) ;
#685 = VERTEX_POINT ( 'NONE', #2370 ) ;
#686 = ORIENTED_EDGE ( 'NONE', *, *, #698, .T. ) ;
#687 = VERTEX_POINT ( 'NONE', #2486 ) ;
#688 = ORIENTED_EDGE ( 'NONE', *, *, #689, .F. ) ;
#689 = EDGE_CURVE ( 'NONE', #690, #667, #2358, .T. ) ;
#690 = VERTEX_POINT ( 'NONE', #2434 ) ;
#691 = ORIENTED_EDGE ( 'NONE', *, *, #712, .F. ) ;
#692 = VERTEX_POINT ( 'NONE', #2433 ) ;
#693 = ORIENTED_EDGE ( 'NONE', *, *, #694, .F. ) ;
#694 = EDGE_CURVE ( 'NONE', #695, #696, #2403, .T. ) ;
#695 = VERTEX_POINT ( 'NONE', #2475 ) ;
#696 = VERTEX_POINT ( 'NONE', #2474 ) ;
#697 = ORIENTED_EDGE ( 'NONE', *, *, #622, .F. ) ;
#698 = EDGE_CURVE ( 'NONE', #685, #687, #2493, .T. ) ;
#699 = ORIENTED_EDGE ( 'NONE', *, *, #700, .T. ) ;
#700 = EDGE_CURVE ( 'NONE', #687, #701, #2489, .T. ) ;
#701 = VERTEX_POINT ( 'NONE', #2453 ) ;
#702 = ORIENTED_EDGE ( 'NONE', *, *, #703, .T. ) ;
#703 = EDGE_CURVE ( 'NONE', #701, #300, #2452, .T. ) ;
#704 = EDGE_LOOP ( 'NONE', ( #661, #665, #688, #691 ) ) ;
#705 = ORIENTED_EDGE ( 'NONE', *, *, #684, .T. ) ;
#706 = VERTEX_POINT ( 'NONE', #2471 ) ;
#707 = EDGE_CURVE ( 'NONE', #640, #706, #2470, .T. ) ;
#708 = ORIENTED_EDGE ( 'NONE', *, *, #709, .F. ) ;
#709 = EDGE_CURVE ( 'NONE', #710, #620, #2375, .T. ) ;
#710 = VERTEX_POINT ( 'NONE', #2371 ) ;
#711 = ORIENTED_EDGE ( 'NONE', *, *, #683, .F. ) ;
#712 = EDGE_CURVE ( 'NONE', #664, #690, #2366, .T. ) ;
#713 = ADVANCED_FACE ( 'NONE', ( #2362 ), #2361, .F. ) ;
#714 = VERTEX_POINT ( 'NONE', #2431 ) ;
#715 = ORIENTED_EDGE ( 'NONE', *, *, #610, .T. ) ;
#716 = EDGE_CURVE ( 'NONE', #390, #638, #2427, .T. ) ;
#717 = ORIENTED_EDGE ( 'NONE', *, *, #497, .F. ) ;
#718 = ORIENTED_EDGE ( 'NONE', *, *, #619, .F. ) ;
#719 = VERTEX_POINT ( 'NONE', #2464 ) ;
#720 = ORIENTED_EDGE ( 'NONE', *, *, #721, .T. ) ;
#721 = EDGE_CURVE ( 'NONE', #623, #719, #2463, .T. ) ;
#722 = ORIENTED_EDGE ( 'NONE', *, *, #723, .T. ) ;
#723 = EDGE_CURVE ( 'NONE', #724, #623, #2459, .T. ) ;
#724 = VERTEX_POINT ( 'NONE', #2485 ) ;
#725 = ORIENTED_EDGE ( 'NONE', *, *, #726, .F. ) ;
#726 = EDGE_CURVE ( 'NONE', #727, #620, #2484, .T. ) ;
#727 = VERTEX_POINT ( 'NONE', #2480 ) ;
#728 = ORIENTED_EDGE ( 'NONE', *, *, #729, .F. ) ;
#729 = EDGE_CURVE ( 'NONE', #730, #727, #2479, .T. ) ;
#730 = VERTEX_POINT ( 'NONE', #2446 ) ;
#731 = ORIENTED_EDGE ( 'NONE', *, *, #732, .T. ) ;
#732 = EDGE_CURVE ( 'NONE', #730, #710, #2445, .T. ) ;
#733 = ADVANCED_FACE ( 'NONE', ( #2441 ), #2440, .T. ) ;
#734 = ORIENTED_EDGE ( 'NONE', *, *, #735, .T. ) ;
#735 = EDGE_CURVE ( 'NONE', #1129, #1178, #2435, .T. ) ;
#736 = EDGE_LOOP ( 'NONE', ( #745, #1183, #1184, #737 ) ) ;
#737 = ORIENTED_EDGE ( 'NONE', *, *, #738, .T. ) ;
#738 = EDGE_CURVE ( 'NONE', #864, #750, #2421, .T. ) ;
#739 = ADVANCED_FACE ( 'NONE', ( #2417 ), #2416, .F. ) ;
#740 = ADVANCED_FACE ( 'NONE', ( #2410 ), #2414, .F. ) ;
#741 = EDGE_LOOP ( 'NONE', ( #742, #1067, #1068, #1069 ) ) ;
#742 = ORIENTED_EDGE ( 'NONE', *, *, #1128, .T. ) ;
#743 = EDGE_CURVE ( 'NONE', #750, #701, #2407, .T. ) ;
#744 = EDGE_CURVE ( 'NONE', #771, #864, #2399, .T. ) ;
#745 = ORIENTED_EDGE ( 'NONE', *, *, #743, .T. ) ;
#746 = ORIENTED_EDGE ( 'NONE', *, *, #678, .T. ) ;
#747 = ORIENTED_EDGE ( 'NONE', *, *, #748, .T. ) ;
#748 = EDGE_CURVE ( 'NONE', #589, #749, #2395, .T. ) ;
#749 = VERTEX_POINT ( 'NONE', #2390 ) ;
#750 = VERTEX_POINT ( 'NONE', #2389 ) ;
#751 = ORIENTED_EDGE ( 'NONE', *, *, #752, .T. ) ;
#752 = EDGE_CURVE ( 'NONE', #719, #796, #2388, .T. ) ;
#753 = EDGE_CURVE ( 'NONE', #663, #847, #2384, .T. ) ;
#754 = ORIENTED_EDGE ( 'NONE', *, *, #622, .T. ) ;
#755 = ORIENTED_EDGE ( 'NONE', *, *, #756, .T. ) ;
#756 = EDGE_CURVE ( 'NONE', #695, #907, #2380, .T. ) ;
#757 = EDGE_LOOP ( 'NONE', ( #758, #763, #764, #765 ) ) ;
#758 = ORIENTED_EDGE ( 'NONE', *, *, #759, .T. ) ;
#759 = EDGE_CURVE ( 'NONE', #760, #706, #2589, .T. ) ;
#760 = VERTEX_POINT ( 'NONE', #2590 ) ;
#761 = ADVANCED_FACE ( 'NONE', ( #2614 ), #2534, .F. ) ;
#762 = ORIENTED_EDGE ( 'NONE', *, *, #795, .F. ) ;
#763 = ORIENTED_EDGE ( 'NONE', *, *, #707, .F. ) ;
#764 = ORIENTED_EDGE ( 'NONE', *, *, #840, .F. ) ;
#765 = ORIENTED_EDGE ( 'NONE', *, *, #766, .T. ) ;
#766 = EDGE_CURVE ( 'NONE', #841, #760, #2528, .T. ) ;
#767 = ADVANCED_FACE ( 'NONE', ( #2576 ), #2618, .F. ) ;
#768 = EDGE_LOOP ( 'NONE', ( #769, #856, #857, #858 ) ) ;
#769 = ORIENTED_EDGE ( 'NONE', *, *, #770, .T. ) ;
#770 = EDGE_CURVE ( 'NONE', #771, #685, #2498, .T. ) ;
#771 = VERTEX_POINT ( 'NONE', #2553 ) ;
#772 = EDGE_CURVE ( 'NONE', #714, #773, #2613, .T. ) ;
#773 = VERTEX_POINT ( 'NONE', #2499 ) ;
#774 = ORIENTED_EDGE ( 'NONE', *, *, #775, .T. ) ;
#775 = EDGE_CURVE ( 'NONE', #773, #823, #2603, .T. ) ;
#776 = ADVANCED_FACE ( 'NONE', ( #2586 ), #2507, .F. ) ;
#777 = EDGE_LOOP ( 'NONE', ( #778, #852, #853, #854 ) ) ;
#778 = ORIENTED_EDGE ( 'NONE', *, *, #850, .T. ) ;
#779 = ORIENTED_EDGE ( 'NONE', *, *, #848, .T. ) ;
#780 = ADVANCED_FACE ( 'NONE', ( #2509 ), #2508, .T. ) ;
#781 = ORIENTED_EDGE ( 'NONE', *, *, #716, .T. ) ;
#782 = ORIENTED_EDGE ( 'NONE', *, *, #848, .F. ) ;
#783 = ADVANCED_FACE ( 'NONE', ( #2533 ), #2529, .F. ) ;
#784 = EDGE_LOOP ( 'NONE', ( #785, #786, #832, #835 ) ) ;
#785 = ORIENTED_EDGE ( 'NONE', *, *, #752, .F. ) ;
#786 = ORIENTED_EDGE ( 'NONE', *, *, #721, .F. ) ;
#787 = EDGE_CURVE ( 'NONE', #796, #834, #2555, .T. ) ;
#788 = ADVANCED_FACE ( 'NONE', ( #2598 ), #2597, .T. ) ;
#789 = EDGE_LOOP ( 'NONE', ( #790, #794, #798, #799 ) ) ;
#790 = ORIENTED_EDGE ( 'NONE', *, *, #791, .F. ) ;
#791 = EDGE_CURVE ( 'NONE', #792, #793, #2538, .T. ) ;
#792 = VERTEX_POINT ( 'NONE', #2514 ) ;
#793 = VERTEX_POINT ( 'NONE', #2513 ) ;
#794 = ORIENTED_EDGE ( 'NONE', *, *, #797, .F. ) ;
#795 = EDGE_CURVE ( 'NONE', #875, #796, #2512, .T. ) ;
#796 = VERTEX_POINT ( 'NONE', #2582 ) ;
#797 = EDGE_CURVE ( 'NONE', #332, #792, #2581, .T. ) ;
#798 = ORIENTED_EDGE ( 'NONE', *, *, #331, .T. ) ;
#799 = ORIENTED_EDGE ( 'NONE', *, *, #800, .F. ) ;
#800 = EDGE_CURVE ( 'NONE', #793, #329, #2569, .T. ) ;
#801 = ADVANCED_FACE ( 'NONE', ( #2565 ), #2564, .T. ) ;
#802 = EDGE_LOOP ( 'NONE', ( #803, #806, #809, #811, #812 ) ) ;
#803 = ORIENTED_EDGE ( 'NONE', *, *, #804, .T. ) ;
#804 = EDGE_CURVE ( 'NONE', #294, #805, #2575, .T. ) ;
#805 = VERTEX_POINT ( 'NONE', #2571 ) ;
#806 = ORIENTED_EDGE ( 'NONE', *, *, #807, .F. ) ;
#807 = EDGE_CURVE ( 'NONE', #808, #805, #2552, .T. ) ;
#808 = VERTEX_POINT ( 'NONE', #2548 ) ;
#809 = ORIENTED_EDGE ( 'NONE', *, *, #810, .T. ) ;
#810 = EDGE_CURVE ( 'NONE', #808, #397, #2547, .T. ) ;
#811 = ORIENTED_EDGE ( 'NONE', *, *, #396, .T. ) ;
#812 = ORIENTED_EDGE ( 'NONE', *, *, #305, .T. ) ;
#813 = ADVANCED_FACE ( 'NONE', ( #2543 ), #2542, .F. ) ;
#814 = EDGE_LOOP ( 'NONE', ( #892, #893, #894, #895, #896, #897, #900, #902 ) ) ;
#815 = ORIENTED_EDGE ( 'NONE', *, *, #547, .T. ) ;
#816 = ADVANCED_FACE ( 'NONE', ( #2606 ), #2609, .T. ) ;
#817 = EDGE_LOOP ( 'NONE', ( #754, #755, #908, #779 ) ) ;
#818 = EDGE_LOOP ( 'NONE', ( #910, #913, #912, #628 ) ) ;
#819 = ORIENTED_EDGE ( 'NONE', *, *, #849, .F. ) ;
#820 = EDGE_LOOP ( 'NONE', ( #821, #824, #825, #774 ) ) ;
#821 = ORIENTED_EDGE ( 'NONE', *, *, #822, .T. ) ;
#822 = EDGE_CURVE ( 'NONE', #823, #669, #2527, .T. ) ;
#823 = VERTEX_POINT ( 'NONE', #2521 ) ;
#824 = ORIENTED_EDGE ( 'NONE', *, *, #610, .F. ) ;
#825 = ORIENTED_EDGE ( 'NONE', *, *, #772, .T. ) ;
#826 = ORIENTED_EDGE ( 'NONE', *, *, #540, .T. ) ;
#827 = ORIENTED_EDGE ( 'NONE', *, *, #618, .F. ) ;
#828 = ORIENTED_EDGE ( 'NONE', *, *, #874, .F. ) ;
#829 = ORIENTED_EDGE ( 'NONE', *, *, #295, .T. ) ;
#830 = ORIENTED_EDGE ( 'NONE', *, *, #471, .T. ) ;
#831 = ORIENTED_EDGE ( 'NONE', *, *, #443, .F. ) ;
#832 = ORIENTED_EDGE ( 'NONE', *, *, #833, .F. ) ;
#833 = EDGE_CURVE ( 'NONE', #834, #623, #2520, .T. ) ;
#834 = VERTEX_POINT ( 'NONE', #2516 ) ;
#835 = ORIENTED_EDGE ( 'NONE', *, *, #787, .F. ) ;
#836 = EDGE_LOOP ( 'NONE', ( #762, #828, #829, #830, #831, #826, #827, #751 ) ) ;
#837 = ADVANCED_FACE ( 'NONE', ( #2515 ), #2709, .F. ) ;
#838 = EDGE_LOOP ( 'NONE', ( #839, #842, #843, #844 ) ) ;
#839 = ORIENTED_EDGE ( 'NONE', *, *, #840, .T. ) ;
#840 = EDGE_CURVE ( 'NONE', #841, #640, #2706, .T. ) ;
#841 = VERTEX_POINT ( 'NONE', #2746 ) ;
#842 = ORIENTED_EDGE ( 'NONE', *, *, #606, .F. ) ;
#843 = ORIENTED_EDGE ( 'NONE', *, *, #850, .F. ) ;
#844 = ORIENTED_EDGE ( 'NONE', *, *, #845, .T. ) ;
#845 = EDGE_CURVE ( 'NONE', #851, #841, #2818, .T. ) ;
#846 = ADVANCED_FACE ( 'NONE', ( #2850 ), #2744, .F. ) ;
#847 = VERTEX_POINT ( 'NONE', #2655 ) ;
#848 = EDGE_CURVE ( 'NONE', #914, #638, #2745, .T. ) ;
#849 = EDGE_CURVE ( 'NONE', #652, #914, #2748, .T. ) ;
#850 = EDGE_CURVE ( 'NONE', #851, #692, #2823, .T. ) ;
#851 = VERTEX_POINT ( 'NONE', #2819 ) ;
#852 = ORIENTED_EDGE ( 'NONE', *, *, #621, .F. ) ;
#853 = ORIENTED_EDGE ( 'NONE', *, *, #822, .F. ) ;
#854 = ORIENTED_EDGE ( 'NONE', *, *, #855, .T. ) ;
#855 = EDGE_CURVE ( 'NONE', #823, #851, #2654, .T. ) ;
#856 = ORIENTED_EDGE ( 'NONE', *, *, #684, .F. ) ;
#857 = ORIENTED_EDGE ( 'NONE', *, *, #759, .F. ) ;
#858 = ORIENTED_EDGE ( 'NONE', *, *, #859, .T. ) ;
#859 = EDGE_CURVE ( 'NONE', #760, #771, #2650, .T. ) ;
#860 = ADVANCED_FACE ( 'NONE', ( #2788 ), #2787, .F. ) ;
#861 = EDGE_LOOP ( 'NONE', ( #862, #865, #866, #867 ) ) ;
#862 = ORIENTED_EDGE ( 'NONE', *, *, #863, .T. ) ;
#863 = EDGE_CURVE ( 'NONE', #864, #687, #2742, .T. ) ;
#864 = VERTEX_POINT ( 'NONE', #2738 ) ;
#865 = ORIENTED_EDGE ( 'NONE', *, *, #698, .F. ) ;
#866 = ORIENTED_EDGE ( 'NONE', *, *, #770, .F. ) ;
#867 = ORIENTED_EDGE ( 'NONE', *, *, #744, .T. ) ;
#868 = ORIENTED_EDGE ( 'NONE', *, *, #869, .F. ) ;
#869 = EDGE_CURVE ( 'NONE', #587, #885, #2737, .T. ) ;
#870 = ADVANCED_FACE ( 'NONE', ( #2626 ), #2625, .T. ) ;
#871 = EDGE_LOOP ( 'NONE', ( #872, #873, #876, #878 ) ) ;
#872 = ORIENTED_EDGE ( 'NONE', *, *, #302, .T. ) ;
#873 = ORIENTED_EDGE ( 'NONE', *, *, #874, .T. ) ;
#874 = EDGE_CURVE ( 'NONE', #358, #875, #2623, .T. ) ;
#875 = VERTEX_POINT ( 'NONE', #2846 ) ;
#876 = ORIENTED_EDGE ( 'NONE', *, *, #877, .F. ) ;
#877 = EDGE_CURVE ( 'NONE', #885, #875, #2845, .T. ) ;
#878 = ORIENTED_EDGE ( 'NONE', *, *, #884, .T. ) ;
#879 = ORIENTED_EDGE ( 'NONE', *, *, #500, .F. ) ;
#880 = ORIENTED_EDGE ( 'NONE', *, *, #46, .F. ) ;
#881 = ORIENTED_EDGE ( 'NONE', *, *, #578, .F. ) ;
#882 = ORIENTED_EDGE ( 'NONE', *, *, #343, .T. ) ;
#883 = ORIENTED_EDGE ( 'NONE', *, *, #884, .F. ) ;
#884 = EDGE_CURVE ( 'NONE', #885, #342, #2841, .T. ) ;
#885 = VERTEX_POINT ( 'NONE', #2836 ) ;
#886 = ORIENTED_EDGE ( 'NONE', *, *, #887, .F. ) ;
#887 = EDGE_CURVE ( 'NONE', #634, #587, #2835, .T. ) ;
#888 = ADVANCED_FACE ( 'NONE', ( #2831 ), #2830, .F. ) ;
#889 = EDGE_LOOP ( 'NONE', ( #890, #891, #879, #880, #881, #882, #883, #868 ) ) ;
#890 = ORIENTED_EDGE ( 'NONE', *, *, #586, .F. ) ;
#891 = ORIENTED_EDGE ( 'NONE', *, *, #656, .F. ) ;
#892 = ORIENTED_EDGE ( 'NONE', *, *, #619, .T. ) ;
#893 = ORIENTED_EDGE ( 'NONE', *, *, #495, .F. ) ;
#894 = ORIENTED_EDGE ( 'NONE', *, *, #561, .T. ) ;
#895 = ORIENTED_EDGE ( 'NONE', *, *, #551, .T. ) ;
#896 = ORIENTED_EDGE ( 'NONE', *, *, #537, .T. ) ;
#897 = ORIENTED_EDGE ( 'NONE', *, *, #898, .F. ) ;
#898 = EDGE_CURVE ( 'NONE', #899, #538, #2825, .T. ) ;
#899 = VERTEX_POINT ( 'NONE', #2812 ) ;
#900 = ORIENTED_EDGE ( 'NONE', *, *, #901, .F. ) ;
#901 = EDGE_CURVE ( 'NONE', #727, #899, #2811, .T. ) ;
#902 = ORIENTED_EDGE ( 'NONE', *, *, #726, .T. ) ;
#903 = ORIENTED_EDGE ( 'NONE', *, *, #449, .T. ) ;
#904 = ADVANCED_FACE ( 'NONE', ( #2807 ), #2806, .T. ) ;
#905 = EDGE_LOOP ( 'NONE', ( #906, #725, #728, #731 ) ) ;
#906 = ORIENTED_EDGE ( 'NONE', *, *, #709, .T. ) ;
#907 = VERTEX_POINT ( 'NONE', #2801 ) ;
#908 = ORIENTED_EDGE ( 'NONE', *, *, #909, .F. ) ;
#909 = EDGE_CURVE ( 'NONE', #914, #907, #2800, .T. ) ;
#910 = ORIENTED_EDGE ( 'NONE', *, *, #666, .T. ) ;
#911 = ORIENTED_EDGE ( 'NONE', *, *, #898, .T. ) ;
#912 = ORIENTED_EDGE ( 'NONE', *, *, #626, .T. ) ;
#913 = ORIENTED_EDGE ( 'NONE', *, *, #753, .T. ) ;
#914 = VERTEX_POINT ( 'NONE', #2796 ) ;
#915 = ADVANCED_FACE ( 'NONE', ( #2795 ), #2783, .T. ) ;
#916 = ADVANCED_FACE ( 'NONE', ( #2782 ), #2777, .F. ) ;
#917 = EDGE_LOOP ( 'NONE', ( #1021, #1018, #973, #975, #978, #980, #981, #982 ) ) ;
#918 = ORIENTED_EDGE ( 'NONE', *, *, #919, .F. ) ;
#919 = EDGE_CURVE ( 'NONE', #1053, #594, #2772, .T. ) ;
#920 = ADVANCED_FACE ( 'NONE', ( #2767 ), #2766, .T. ) ;
#921 = EDGE_LOOP ( 'NONE', ( #922, #923, #924, #927 ) ) ;
#922 = ORIENTED_EDGE ( 'NONE', *, *, #919, .T. ) ;
#923 = ORIENTED_EDGE ( 'NONE', *, *, #593, .T. ) ;
#924 = ORIENTED_EDGE ( 'NONE', *, *, #925, .T. ) ;
#925 = EDGE_CURVE ( 'NONE', #591, #926, #2762, .T. ) ;
#926 = VERTEX_POINT ( 'NONE', #2756 ) ;
#927 = ORIENTED_EDGE ( 'NONE', *, *, #928, .T. ) ;
#928 = EDGE_CURVE ( 'NONE', #926, #1053, #2755, .T. ) ;
#929 = ADVANCED_FACE ( 'NONE', ( #2751 ), #2668, .T. ) ;
#930 = EDGE_LOOP ( 'NONE', ( #931, #934, #936, #937, #938, #939, #1032, #1033 ) ) ;
#931 = ORIENTED_EDGE ( 'NONE', *, *, #932, .F. ) ;
#932 = EDGE_CURVE ( 'NONE', #933, #1189, #2669, .T. ) ;
#933 = VERTEX_POINT ( 'NONE', #2660 ) ;
#934 = ORIENTED_EDGE ( 'NONE', *, *, #935, .T. ) ;
#935 = EDGE_CURVE ( 'NONE', #933, #926, #2736, .T. ) ;
#936 = ORIENTED_EDGE ( 'NONE', *, *, #925, .F. ) ;
#937 = ORIENTED_EDGE ( 'NONE', *, *, #675, .F. ) ;
#938 = ORIENTED_EDGE ( 'NONE', *, *, #446, .F. ) ;
#939 = ORIENTED_EDGE ( 'NONE', *, *, #378, .F. ) ;
#940 = ORIENTED_EDGE ( 'NONE', *, *, #601, .F. ) ;
#941 = ORIENTED_EDGE ( 'NONE', *, *, #381, .F. ) ;
#942 = VERTEX_POINT ( 'NONE', #2732 ) ;
#943 = DIRECTION ( 'NONE',  ( 0.0000000000000000000, -0.0000000000000000000, -1.000000000000000000 ) ) ;
#944 = DIRECTION ( 'NONE',  ( 1.000000000000000000, 0.0000000000000000000, 0.0000000000000000000 ) ) ;
#945 = VECTOR ( 'NONE', #944, 39.37007874015748100 ) ;
#946 = CARTESIAN_POINT ( 'NONE',  ( 0.2459999141035242300, -0.09177804732935759800, -0.4525362146603388900 ) ) ;
#947 = LINE ( 'NONE', #946, #945 ) ;
#948 = CARTESIAN_POINT ( 'NONE',  ( 0.2459999141035242900, -0.09177804732935759800, -0.4525362146603388300 ) ) ;
#949 = DIRECTION ( 'NONE',  ( 0.0000000000000000000, -5.122214988120512800E-015, 1.000000000000000000 ) ) ;
#950 = DIRECTION ( 'NONE',  ( 1.000000000000000000, 0.0000000000000000000, 0.0000000000000000000 ) ) ;
#951 = CARTESIAN_POINT ( 'NONE',  ( 0.2459999141035242300, -0.08226748216640605800, -0.4494460447165893900 ) ) ;
#952 = AXIS2_PLACEMENT_3D ( 'NONE', #951, #950, #949 ) ;
#953 = CIRCLE ( 'NONE', #952, 0.009999999999999962000 ) ;
#954 = CARTESIAN_POINT ( 'NONE',  ( 0.2449999141035243700, 0.01000000000000000000, -0.4410000091301556900 ) ) ;
#955 = DIRECTION ( 'NONE',  ( 0.0000000000000000000, 0.0000000000000000000, -1.000000000000000000 ) ) ;
#956 = DIRECTION ( 'NONE',  ( -0.0000000000000000000, -1.000000000000000000, -0.0000000000000000000 ) ) ;
#957 = CARTESIAN_POINT ( 'NONE',  ( 0.3074999570517620900, 0.01000000000000000000, -0.4410000091301556900 ) ) ;
#958 = AXIS2_PLACEMENT_3D ( 'NONE', #957, #956, #955 ) ;
#959 = CIRCLE ( 'NONE', #958, 0.06250004294823766100 ) ;
#960 = CARTESIAN_POINT ( 'NONE',  ( 0.3699999999999995000, 0.01000000000000000000, -0.7349999999999999900 ) ) ;
#961 = DIRECTION ( 'NONE',  ( 0.0000000000000000000, 0.0000000000000000000, 1.000000000000000000 ) ) ;
#962 = DIRECTION ( 'NONE',  ( -1.000000000000000000, -0.0000000000000000000, -0.0000000000000000000 ) ) ;
#963 = AXIS2_PLACEMENT_3D ( 'NONE', #965, #962, #961 ) ;
#964 = CARTESIAN_POINT ( 'NONE',  ( 0.3699999999999997200, 0.01000000000000000000, -0.4410000091301558000 ) ) ;
#965 = CARTESIAN_POINT ( 'NONE',  ( 0.2459999141035242300, -0.08226748216640605800, -0.4494460447165893900 ) ) ;
#966 = CYLINDRICAL_SURFACE ( 'NONE', #963, 0.009999999999999962000 ) ;
#967 = FACE_OUTER_BOUND ( 'NONE', #5, .T. ) ;
#968 = DIRECTION ( 'NONE',  ( -4.646000133506245700E-016, -0.0000000000000000000, -1.000000000000000000 ) ) ;
#969 = VECTOR ( 'NONE', #968, 39.37007874015748100 ) ;
#970 = CARTESIAN_POINT ( 'NONE',  ( 0.3699999999999995500, 0.01000000000000000000, -0.7350000000000001000 ) ) ;
#971 = LINE ( 'NONE', #970, #969 ) ;
#972 = CARTESIAN_POINT ( 'NONE',  ( -0.5100000000000006800, -0.2099999999999999400, -0.3850000000000002900 ) ) ;
#973 = ORIENTED_EDGE ( 'NONE', *, *, #974, .T. ) ;
#974 = EDGE_CURVE ( 'NONE', #834, #1009, #2731, .T. ) ;
#975 = ORIENTED_EDGE ( 'NONE', *, *, #976, .T. ) ;
#976 = EDGE_CURVE ( 'NONE', #1009, #977, #2727, .T. ) ;
#977 = VERTEX_POINT ( 'NONE', #2679 ) ;
#978 = ORIENTED_EDGE ( 'NONE', *, *, #979, .T. ) ;
#979 = EDGE_CURVE ( 'NONE', #977, #634, #2678, .T. ) ;
#980 = ORIENTED_EDGE ( 'NONE', *, *, #887, .T. ) ;
#981 = ORIENTED_EDGE ( 'NONE', *, *, #869, .T. ) ;
#982 = ORIENTED_EDGE ( 'NONE', *, *, #877, .T. ) ;
#983 = ADVANCED_FACE ( 'NONE', ( #2674 ), #2673, .T. ) ;
#984 = EDGE_LOOP ( 'NONE', ( #1022, #1025, #1026, #1027, #1028, #1029 ) ) ;
#985 = EDGE_LOOP ( 'NONE', ( #986, #988, #989, #990, #991, #992 ) ) ;
#986 = ORIENTED_EDGE ( 'NONE', *, *, #987, .T. ) ;
#987 = EDGE_CURVE ( 'NONE', #418, #1009, #2723, .T. ) ;
#988 = ORIENTED_EDGE ( 'NONE', *, *, #974, .F. ) ;
#989 = ORIENTED_EDGE ( 'NONE', *, *, #833, .T. ) ;
#990 = ORIENTED_EDGE ( 'NONE', *, *, #723, .F. ) ;
#991 = ORIENTED_EDGE ( 'NONE', *, *, #1144, .F. ) ;
#992 = ORIENTED_EDGE ( 'NONE', *, *, #420, .F. ) ;
#993 = ADVANCED_FACE ( 'NONE', ( #2718 ), #2717, .T. ) ;
#994 = EDGE_LOOP ( 'NONE', ( #995, #998, #999, #1000, #1001, #1002 ) ) ;
#995 = ORIENTED_EDGE ( 'NONE', *, *, #996, .F. ) ;
#996 = EDGE_CURVE ( 'NONE', #1161, #997, #2715, .T. ) ;
#997 = VERTEX_POINT ( 'NONE', #2702 ) ;
#998 = ORIENTED_EDGE ( 'NONE', *, *, #1149, .T. ) ;
#999 = ORIENTED_EDGE ( 'NONE', *, *, #683, .T. ) ;
#1000 = ORIENTED_EDGE ( 'NONE', *, *, #732, .F. ) ;
#1001 = ORIENTED_EDGE ( 'NONE', *, *, #1050, .F. ) ;
#1002 = ORIENTED_EDGE ( 'NONE', *, *, #1003, .T. ) ;
#1003 = EDGE_CURVE ( 'NONE', #1048, #997, #2701, .T. ) ;
#1004 = ADVANCED_FACE ( 'NONE', ( #2696 ), #2695, .T. ) ;
#1005 = EDGE_LOOP ( 'NONE', ( #1006, #1007, #1008, #1010, #1011, #1014, #1017, #3 ) ) ;
#1006 = ORIENTED_EDGE ( 'NONE', *, *, #800, .T. ) ;
#1007 = ORIENTED_EDGE ( 'NONE', *, *, #328, .T. ) ;
#1008 = ORIENTED_EDGE ( 'NONE', *, *, #362, .F. ) ;
#1009 = VERTEX_POINT ( 'NONE', #2690 ) ;
#1010 = ORIENTED_EDGE ( 'NONE', *, *, #810, .F. ) ;
#1011 = ORIENTED_EDGE ( 'NONE', *, *, #1012, .F. ) ;
#1012 = EDGE_CURVE ( 'NONE', #1013, #808, #2689, .T. ) ;
#1013 = VERTEX_POINT ( 'NONE', #2684 ) ;
#1014 = ORIENTED_EDGE ( 'NONE', *, *, #1015, .T. ) ;
#1015 = EDGE_CURVE ( 'NONE', #1013, #1016, #2649, .T. ) ;
#1016 = VERTEX_POINT ( 'NONE', #2645 ) ;
#1017 = ORIENTED_EDGE ( 'NONE', *, *, #92, .F. ) ;
#1018 = ORIENTED_EDGE ( 'NONE', *, *, #787, .T. ) ;
#1019 = ADVANCED_FACE ( 'NONE', ( #2644 ), #2643, .T. ) ;
#1020 = EDGE_CURVE ( 'NONE', #1171, #1110, #2638, .T. ) ;
#1021 = ORIENTED_EDGE ( 'NONE', *, *, #795, .T. ) ;
#1022 = ORIENTED_EDGE ( 'NONE', *, *, #1023, .T. ) ;
#1023 = EDGE_CURVE ( 'NONE', #1024, #1141, #2634, .T. ) ;
#1024 = VERTEX_POINT ( 'NONE', #2630 ) ;
#1025 = ORIENTED_EDGE ( 'NONE', *, *, #1140, .T. ) ;
#1026 = ORIENTED_EDGE ( 'NONE', *, *, #673, .F. ) ;
#1027 = ORIENTED_EDGE ( 'NONE', *, *, #633, .T. ) ;
#1028 = ORIENTED_EDGE ( 'NONE', *, *, #979, .F. ) ;
#1029 = ORIENTED_EDGE ( 'NONE', *, *, #1030, .T. ) ;
#1030 = EDGE_CURVE ( 'NONE', #977, #1024, #2884, .T. ) ;
#1031 = ADVANCED_FACE ( 'NONE', ( #2888 ), #2882, .F. ) ;
#1032 = ORIENTED_EDGE ( 'NONE', *, *, #597, .F. ) ;
#1033 = ORIENTED_EDGE ( 'NONE', *, *, #1188, .T. ) ;
#1034 = ADVANCED_FACE ( 'NONE', ( #2855 ), #2886, .T. ) ;
#1035 = EDGE_LOOP ( 'NONE', ( #1036, #1037, #1038, #1041, #1049, #1051, #1052, #1054 ) ) ;
#1036 = ORIENTED_EDGE ( 'NONE', *, *, #849, .T. ) ;
#1037 = ORIENTED_EDGE ( 'NONE', *, *, #909, .T. ) ;
#1038 = ORIENTED_EDGE ( 'NONE', *, *, #1039, .T. ) ;
#1039 = EDGE_CURVE ( 'NONE', #907, #1040, #3020, .T. ) ;
#1040 = VERTEX_POINT ( 'NONE', #3016 ) ;
#1041 = ORIENTED_EDGE ( 'NONE', *, *, #1047, .T. ) ;
#1042 = ORIENTED_EDGE ( 'NONE', *, *, #541, .F. ) ;
#1043 = ORIENTED_EDGE ( 'NONE', *, *, #680, .F. ) ;
#1044 = ORIENTED_EDGE ( 'NONE', *, *, #1045, .F. ) ;
#1045 = EDGE_CURVE ( 'NONE', #749, #942, #3015, .T. ) ;
#1046 = ORIENTED_EDGE ( 'NONE', *, *, #748, .F. ) ;
#1047 = EDGE_CURVE ( 'NONE', #1040, #1048, #3011, .T. ) ;
#1048 = VERTEX_POINT ( 'NONE', #3007 ) ;
#1049 = ORIENTED_EDGE ( 'NONE', *, *, #1050, .T. ) ;
#1050 = EDGE_CURVE ( 'NONE', #1048, #730, #3006, .T. ) ;
#1051 = ORIENTED_EDGE ( 'NONE', *, *, #729, .T. ) ;
#1052 = ORIENTED_EDGE ( 'NONE', *, *, #901, .T. ) ;
#1053 = VERTEX_POINT ( 'NONE', #3002 ) ;
#1054 = ORIENTED_EDGE ( 'NONE', *, *, #654, .T. ) ;
#1055 = ADVANCED_FACE ( 'NONE', ( #3001 ), #3000, .F. ) ;
#1056 = EDGE_LOOP ( 'NONE', ( #1057, #1060, #1061, #1062, #1063, #1064 ) ) ;
#1057 = ORIENTED_EDGE ( 'NONE', *, *, #1058, .T. ) ;
#1058 = EDGE_CURVE ( 'NONE', #1059, #1040, #2994, .T. ) ;
#1059 = VERTEX_POINT ( 'NONE', #2989 ) ;
#1060 = ORIENTED_EDGE ( 'NONE', *, *, #1039, .F. ) ;
#1061 = ORIENTED_EDGE ( 'NONE', *, *, #756, .F. ) ;
#1062 = ORIENTED_EDGE ( 'NONE', *, *, #694, .T. ) ;
#1063 = ORIENTED_EDGE ( 'NONE', *, *, #1117, .F. ) ;
#1064 = ORIENTED_EDGE ( 'NONE', *, *, #1065, .T. ) ;
#1065 = EDGE_CURVE ( 'NONE', #1164, #1059, #2988, .T. ) ;
#1066 = ADVANCED_FACE ( 'NONE', ( #2984 ), #2982, .F. ) ;
#1067 = ORIENTED_EDGE ( 'NONE', *, *, #703, .F. ) ;
#1068 = ORIENTED_EDGE ( 'NONE', *, *, #743, .F. ) ;
#1069 = ORIENTED_EDGE ( 'NONE', *, *, #1070, .T. ) ;
#1070 = EDGE_CURVE ( 'NONE', #750, #1129, #2983, .T. ) ;
#1071 = ADVANCED_FACE ( 'NONE', ( #2959 ), #2958, .T. ) ;
#1072 = EDGE_LOOP ( 'NONE', ( #1187, #746, #747, #514 ) ) ;
#1073 = ORIENTED_EDGE ( 'NONE', *, *, #299, .F. ) ;
#1074 = ORIENTED_EDGE ( 'NONE', *, *, #1075, .T. ) ;
#1075 = EDGE_CURVE ( 'NONE', #1076, #668, #2953, .T. ) ;
#1076 = VERTEX_POINT ( 'NONE', #2949 ) ;
#1077 = ORIENTED_EDGE ( 'NONE', *, *, #614, .F. ) ;
#1078 = ORIENTED_EDGE ( 'NONE', *, *, #1175, .F. ) ;
#1079 = ORIENTED_EDGE ( 'NONE', *, *, #1080, .T. ) ;
#1080 = EDGE_CURVE ( 'NONE', #1176, #1076, #2948, .T. ) ;
#1081 = ADVANCED_FACE ( 'NONE', ( #2944 ), #2943, .F. ) ;
#1082 = EDGE_LOOP ( 'NONE', ( #1083, #1073, #1122, #734 ) ) ;
#1083 = ORIENTED_EDGE ( 'NONE', *, *, #1177, .T. ) ;
#1084 = EDGE_LOOP ( 'NONE', ( #1085, #1088, #1089, #1092 ) ) ;
#1085 = ORIENTED_EDGE ( 'NONE', *, *, #1086, .F. ) ;
#1086 = EDGE_CURVE ( 'NONE', #627, #1087, #2941, .T. ) ;
#1087 = VERTEX_POINT ( 'NONE', #2934 ) ;
#1088 = ORIENTED_EDGE ( 'NONE', *, *, #626, .F. ) ;
#1089 = ORIENTED_EDGE ( 'NONE', *, *, #1090, .F. ) ;
#1090 = EDGE_CURVE ( 'NONE', #1091, #847, #2933, .T. ) ;
#1091 = VERTEX_POINT ( 'NONE', #2929 ) ;
#1092 = ORIENTED_EDGE ( 'NONE', *, *, #1094, .T. ) ;
#1093 = EDGE_CURVE ( 'NONE', #1053, #942, #2928, .T. ) ;
#1094 = EDGE_CURVE ( 'NONE', #1091, #1087, #2924, .T. ) ;
#1095 = ADVANCED_FACE ( 'NONE', ( #2920 ), #2918, .T. ) ;
#1096 = EDGE_LOOP ( 'NONE', ( #1097, #1100, #1101, #1102, #1103, #1104 ) ) ;
#1097 = ORIENTED_EDGE ( 'NONE', *, *, #1098, .T. ) ;
#1098 = EDGE_CURVE ( 'NONE', #1099, #1157, #2919, .T. ) ;
#1099 = VERTEX_POINT ( 'NONE', #2910 ) ;
#1100 = ORIENTED_EDGE ( 'NONE', *, *, #1136, .T. ) ;
#1101 = ORIENTED_EDGE ( 'NONE', *, *, #689, .T. ) ;
#1102 = ORIENTED_EDGE ( 'NONE', *, *, #629, .T. ) ;
#1103 = ORIENTED_EDGE ( 'NONE', *, *, #1086, .T. ) ;
#1104 = ORIENTED_EDGE ( 'NONE', *, *, #1105, .T. ) ;
#1105 = EDGE_CURVE ( 'NONE', #1087, #1099, #2909, .T. ) ;
#1106 = ADVANCED_FACE ( 'NONE', ( #2904 ), #2903, .F. ) ;
#1107 = EDGE_LOOP ( 'NONE', ( #1108, #1111, #1112, #1113, #1114, #1115 ) ) ;
#1108 = ORIENTED_EDGE ( 'NONE', *, *, #1109, .T. ) ;
#1109 = EDGE_CURVE ( 'NONE', #1110, #1091, #2897, .T. ) ;
#1110 = VERTEX_POINT ( 'NONE', #2893 ) ;
#1111 = ORIENTED_EDGE ( 'NONE', *, *, #1090, .T. ) ;
#1112 = ORIENTED_EDGE ( 'NONE', *, *, #753, .F. ) ;
#1113 = ORIENTED_EDGE ( 'NONE', *, *, #662, .T. ) ;
#1114 = ORIENTED_EDGE ( 'NONE', *, *, #1155, .F. ) ;
#1115 = ORIENTED_EDGE ( 'NONE', *, *, #1020, .T. ) ;
#1116 = EDGE_CURVE ( 'NONE', #749, #1189, #2892, .T. ) ;
#1117 = EDGE_CURVE ( 'NONE', #1164, #696, #2878, .T. ) ;
#1118 = ADVANCED_FACE ( 'NONE', ( #2879 ), #2873, .T. ) ;
#1119 = EDGE_LOOP ( 'NONE', ( #1120, #1132, #1133, #1150 ) ) ;
#1120 = ORIENTED_EDGE ( 'NONE', *, *, #1121, .F. ) ;
#1121 = EDGE_CURVE ( 'NONE', #792, #1131, #2872, .T. ) ;
#1122 = ORIENTED_EDGE ( 'NONE', *, *, #1128, .F. ) ;
#1123 = ORIENTED_EDGE ( 'NONE', *, *, #309, .F. ) ;
#1124 = ORIENTED_EDGE ( 'NONE', *, *, #1177, .F. ) ;
#1125 = ORIENTED_EDGE ( 'NONE', *, *, #1126, .T. ) ;
#1126 = EDGE_CURVE ( 'NONE', #1178, #1176, #2863, .T. ) ;
#1127 = EDGE_LOOP ( 'NONE', ( #1074, #1077, #1078, #1079 ) ) ;
#1128 = EDGE_CURVE ( 'NONE', #1129, #300, #2859, .T. ) ;
#1129 = VERTEX_POINT ( 'NONE', #2974 ) ;
#1130 = ADVANCED_FACE ( 'NONE', ( #2973 ), #2972, .F. ) ;
#1131 = VERTEX_POINT ( 'NONE', #2967 ) ;
#1132 = ORIENTED_EDGE ( 'NONE', *, *, #791, .T. ) ;
#1133 = ORIENTED_EDGE ( 'NONE', *, *, #1134, .T. ) ;
#1134 = EDGE_CURVE ( 'NONE', #793, #1135, #2966, .T. ) ;
#1135 = VERTEX_POINT ( 'NONE', #2961 ) ;
#1136 = EDGE_CURVE ( 'NONE', #1157, #690, #2960, .T. ) ;
#1137 = ORIENTED_EDGE ( 'NONE', *, *, #1142, .T. ) ;
#1138 = ORIENTED_EDGE ( 'NONE', *, *, #607, .T. ) ;
#1139 = ORIENTED_EDGE ( 'NONE', *, *, #1140, .F. ) ;
#1140 = EDGE_CURVE ( 'NONE', #1141, #611, #3071, .T. ) ;
#1141 = VERTEX_POINT ( 'NONE', #3052 ) ;
#1142 = EDGE_CURVE ( 'NONE', #1141, #405, #3109, .T. ) ;
#1143 = ORIENTED_EDGE ( 'NONE', *, *, #1144, .T. ) ;
#1144 = EDGE_CURVE ( 'NONE', #405, #724, #3103, .T. ) ;
#1145 = EDGE_LOOP ( 'NONE', ( #1147, #1148, #1162, #1165 ) ) ;
#1146 = ADVANCED_FACE ( 'NONE', ( #3099 ), #3026, .T. ) ;
#1147 = ORIENTED_EDGE ( 'NONE', *, *, #676, .T. ) ;
#1148 = ORIENTED_EDGE ( 'NONE', *, *, #1149, .F. ) ;
#1149 = EDGE_CURVE ( 'NONE', #1161, #590, #3078, .T. ) ;
#1150 = ORIENTED_EDGE ( 'NONE', *, *, #1151, .T. ) ;
#1151 = EDGE_CURVE ( 'NONE', #1135, #1131, #3073, .T. ) ;
#1152 = ADVANCED_FACE ( 'NONE', ( #3058 ), #3057, .F. ) ;
#1153 = EDGE_LOOP ( 'NONE', ( #1154, #1044, #1046, #940, #941, #1042, #1043, #918 ) ) ;
#1154 = ORIENTED_EDGE ( 'NONE', *, *, #1093, .T. ) ;
#1155 = EDGE_CURVE ( 'NONE', #1171, #664, #3040, .T. ) ;
#1156 = ADVANCED_FACE ( 'NONE', ( #3036 ), #3068, .T. ) ;
#1157 = VERTEX_POINT ( 'NONE', #3069 ) ;
#1158 = EDGE_LOOP ( 'NONE', ( #1160, #1159, #1166, #1168 ) ) ;
#1159 = ORIENTED_EDGE ( 'NONE', *, *, #1136, .F. ) ;
#1160 = ORIENTED_EDGE ( 'NONE', *, *, #712, .T. ) ;
#1161 = VERTEX_POINT ( 'NONE', #3063 ) ;
#1162 = ORIENTED_EDGE ( 'NONE', *, *, #1163, .T. ) ;
#1163 = EDGE_CURVE ( 'NONE', #1161, #1164, #3062, .T. ) ;
#1164 = VERTEX_POINT ( 'NONE', #3048 ) ;
#1165 = ORIENTED_EDGE ( 'NONE', *, *, #1117, .T. ) ;
#1166 = ORIENTED_EDGE ( 'NONE', *, *, #1170, .T. ) ;
#1167 = ADVANCED_FACE ( 'NONE', ( #3047 ), #3046, .T. ) ;
#1168 = ORIENTED_EDGE ( 'NONE', *, *, #1155, .T. ) ;
#1169 = EDGE_LOOP ( 'NONE', ( #1138, #1139, #1137, #1143 ) ) ;
#1170 = EDGE_CURVE ( 'NONE', #1157, #1171, #3136, .T. ) ;
#1171 = VERTEX_POINT ( 'NONE', #3132 ) ;
#1172 = ADVANCED_FACE ( 'NONE', ( #3131 ), #3130, .F. ) ;
#1173 = EDGE_LOOP ( 'NONE', ( #1174, #1123, #1124, #1125 ) ) ;
#1174 = ORIENTED_EDGE ( 'NONE', *, *, #1175, .T. ) ;
#1175 = EDGE_CURVE ( 'NONE', #1176, #338, #3122, .T. ) ;
#1176 = VERTEX_POINT ( 'NONE', #3118 ) ;
#1177 = EDGE_CURVE ( 'NONE', #1178, #307, #3117, .T. ) ;
#1178 = VERTEX_POINT ( 'NONE', #3113 ) ;
#1179 = EDGE_LOOP ( 'NONE', ( #1180, #1181, #1182, #1185 ) ) ;
#1180 = ORIENTED_EDGE ( 'NONE', *, *, #772, .F. ) ;
#1181 = ORIENTED_EDGE ( 'NONE', *, *, #612, .F. ) ;
#1182 = ORIENTED_EDGE ( 'NONE', *, *, #1075, .F. ) ;
#1183 = ORIENTED_EDGE ( 'NONE', *, *, #700, .F. ) ;
#1184 = ORIENTED_EDGE ( 'NONE', *, *, #863, .F. ) ;
#1185 = ORIENTED_EDGE ( 'NONE', *, *, #1186, .T. ) ;
#1186 = EDGE_CURVE ( 'NONE', #1076, #773, #3145, .T. ) ;
#1187 = ORIENTED_EDGE ( 'NONE', *, *, #1188, .F. ) ;
#1188 = EDGE_CURVE ( 'NONE', #588, #1189, #3141, .T. ) ;
#1189 = VERTEX_POINT ( 'NONE', #3033 ) ;
#1190 = CARTESIAN_POINT ( 'NONE',  ( 0.2459999141035242900, 0.01000000000000006400, -0.7350000000000001000 ) ) ;
#1191 = PLANE ( 'NONE',  #1275 ) ;
#1192 = CARTESIAN_POINT ( 'NONE',  ( -0.2449999141035245400, 0.0000000000000000000, -0.4410000091301555800 ) ) ;
#1193 = DIRECTION ( 'NONE',  ( 0.0000000000000000000, 1.000000000000000000, -0.0000000000000000000 ) ) ;
#1194 = VECTOR ( 'NONE', #1193, 39.37007874015748100 ) ;
#1195 = CARTESIAN_POINT ( 'NONE',  ( -0.2449999141035245400, 0.01000000000000000000, -0.4410000091301555800 ) ) ;
#1196 = LINE ( 'NONE', #1195, #1194 ) ;
#1197 = AXIS2_PLACEMENT_3D ( 'NONE', #1202, #1201, #943 ) ;
#1198 = PLANE ( 'NONE',  #1197 ) ;
#1199 = AXIS2_PLACEMENT_3D ( 'NONE', #1398, #1362, #1363 ) ;
#1200 = CIRCLE ( 'NONE', #1199, 0.1849999999999996600 ) ;
#1201 = DIRECTION ( 'NONE',  ( 0.0000000000000000000, -1.000000000000000000, 0.0000000000000000000 ) ) ;
#1202 = CARTESIAN_POINT ( 'NONE',  ( 0.3018848686944314300, 0.01000000000000000000, -0.6849999999999999400 ) ) ;
#1203 = FACE_BOUND ( 'NONE', #67, .T. ) ;
#1204 = FACE_BOUND ( 'NONE', #117, .T. ) ;
#1205 = FACE_OUTER_BOUND ( 'NONE', #123, .T. ) ;
#1206 = FACE_BOUND ( 'NONE', #102, .T. ) ;
#1207 = DIRECTION ( 'NONE',  ( 0.0000000000000000000, -0.3090169943749415700, 0.9510565162951555300 ) ) ;
#1208 = VECTOR ( 'NONE', #1207, 39.37007874015748100 ) ;
#1209 = CARTESIAN_POINT ( 'NONE',  ( 0.2459999141035242900, -0.09177804732935762600, -0.4525362146603388300 ) ) ;
#1210 = LINE ( 'NONE', #1209, #1208 ) ;
#1211 = DIRECTION ( 'NONE',  ( 0.0000000000000000000, -1.000000000000000000, -0.0000000000000000000 ) ) ;
#1212 = VECTOR ( 'NONE', #1211, 39.37007874015748100 ) ;
#1213 = CARTESIAN_POINT ( 'NONE',  ( 0.3689999999999995500, 0.01000000000000000000, -0.7350000000000001000 ) ) ;
#1214 = LINE ( 'NONE', #1213, #1212 ) ;
#1215 = CARTESIAN_POINT ( 'NONE',  ( 0.6460683169999624800, -0.2199999999999999500, -0.4850000000000004300 ) ) ;
#1216 = CARTESIAN_POINT ( 'NONE',  ( 0.5530683169999621700, -0.2199999999999999500, -0.4850000000000004300 ) ) ;
#1217 = DIRECTION ( 'NONE',  ( -1.000000000000000000, -0.0000000000000000000, 0.0000000000000000000 ) ) ;
#1218 = VECTOR ( 'NONE', #1217, 39.37007874015748100 ) ;
#1219 = CARTESIAN_POINT ( 'NONE',  ( 0.3699999999999995500, 0.01000000000000006400, -0.7350000000000001000 ) ) ;
#1220 = LINE ( 'NONE', #1219, #1218 ) ;
#1221 = CARTESIAN_POINT ( 'NONE',  ( 0.2449999141035242900, 0.01000000000000002100, -0.7349999999999999900 ) ) ;
#1222 = DIRECTION ( 'NONE',  ( 2.323000066753122300E-016, -0.0000000000000000000, 1.000000000000000000 ) ) ;
#1223 = VECTOR ( 'NONE', #1222, 39.37007874015748100 ) ;
#1224 = CARTESIAN_POINT ( 'NONE',  ( 0.2449999141035242900, 0.01000000000000000000, -0.7350000000000001000 ) ) ;
#1225 = LINE ( 'NONE', #1224, #1223 ) ;
#1226 = CARTESIAN_POINT ( 'NONE',  ( 0.2459999141035242900, -7.297060742887682500E-017, -0.7350000000000001000 ) ) ;
#1227 = DIRECTION ( 'NONE',  ( -0.0000000000000000000, 1.000000000000000000, 0.0000000000000000000 ) ) ;
#1228 = VECTOR ( 'NONE', #1227, 39.37007874015748100 ) ;
#1229 = CARTESIAN_POINT ( 'NONE',  ( 0.2459999141035242900, 0.01000000000000000000, -0.7350000000000001000 ) ) ;
#1230 = AXIS2_PLACEMENT_3D ( 'NONE', #1282, #1281, #1280 ) ;
#1231 = CIRCLE ( 'NONE', #1230, 0.04650000000000010400 ) ;
#1232 = CARTESIAN_POINT ( 'NONE',  ( 0.5530683169999621700, -0.2099999999999999400, -0.4850000000000004300 ) ) ;
#1233 = LINE ( 'NONE', #1229, #1228 ) ;
#1234 = DIRECTION ( 'NONE',  ( 0.0000000000000000000, 0.0000000000000000000, -1.000000000000000000 ) ) ;
#1235 = DIRECTION ( 'NONE',  ( -0.0000000000000000000, -1.000000000000000000, -0.0000000000000000000 ) ) ;
#1236 = AXIS2_PLACEMENT_3D ( 'NONE', #1237, #1235, #1234 ) ;
#1237 = CARTESIAN_POINT ( 'NONE',  ( -0.3074999570517623100, 0.01000000000000000000, -0.4410000091301555800 ) ) ;
#1238 = CYLINDRICAL_SURFACE ( 'NONE', #1236, 0.06250004294823766100 ) ;
#1239 = FACE_OUTER_BOUND ( 'NONE', #74, .T. ) ;
#1240 = DIRECTION ( 'NONE',  ( -0.0000000000000000000, 0.0000000000000000000, 1.000000000000000000 ) ) ;
#1241 = VECTOR ( 'NONE', #1240, 39.37007874015748100 ) ;
#1242 = CARTESIAN_POINT ( 'NONE',  ( -0.3699999999999998800, 0.0000000000000000000, -0.6849999999999999400 ) ) ;
#1243 = LINE ( 'NONE', #1242, #1241 ) ;
#1244 = CARTESIAN_POINT ( 'NONE',  ( -0.2449999141035245900, 0.01000000000000000000, -0.7349999999999999900 ) ) ;
#1245 = DIRECTION ( 'NONE',  ( -1.000000000000000000, -0.0000000000000000000, 0.0000000000000000000 ) ) ;
#1246 = VECTOR ( 'NONE', #1245, 39.37007874015748100 ) ;
#1247 = CARTESIAN_POINT ( 'NONE',  ( -0.3699999999999999400, 0.01000000000000000000, -0.7349999999999999900 ) ) ;
#1248 = LINE ( 'NONE', #1247, #1246 ) ;
#1249 = CARTESIAN_POINT ( 'NONE',  ( -0.3699999999999998800, 0.0000000000000000000, -0.4410000091301555800 ) ) ;
#1250 = DIRECTION ( 'NONE',  ( -0.0000000000000000000, -1.000000000000000000, -0.0000000000000000000 ) ) ;
#1251 = VECTOR ( 'NONE', #1250, 39.37007874015748100 ) ;
#1252 = CARTESIAN_POINT ( 'NONE',  ( -0.3699999999999999400, 0.01000000000000000000, -0.4410000091301555800 ) ) ;
#1253 = LINE ( 'NONE', #1252, #1251 ) ;
#1254 = DIRECTION ( 'NONE',  ( -0.0000000000000000000, -0.0000000000000000000, 1.000000000000000000 ) ) ;
#1255 = DIRECTION ( 'NONE',  ( 1.000000000000000000, -0.0000000000000000000, 1.320504117104260900E-015 ) ) ;
#1256 = VECTOR ( 'NONE', #1255, 39.37007874015748100 ) ;
#1257 = CARTESIAN_POINT ( 'NONE',  ( -0.6551593795664353300, -0.2099999999999999100, -0.3850000000000004500 ) ) ;
#1258 = LINE ( 'NONE', #1257, #1256 ) ;
#1259 = CARTESIAN_POINT ( 'NONE',  ( -0.6990000000000006200, -0.2099999999999999400, -0.4288406204335668500 ) ) ;
#1260 = VECTOR ( 'NONE', #1276, 39.37007874015748100 ) ;
#1261 = DIRECTION ( 'NONE',  ( 0.0000000000000000000, 1.000000000000000000, 0.0000000000000000000 ) ) ;
#1262 = VECTOR ( 'NONE', #1261, 39.37007874015748100 ) ;
#1263 = CARTESIAN_POINT ( 'NONE',  ( -0.3699999999999999400, 0.01000000000000000000, -0.7349999999999999900 ) ) ;
#1264 = LINE ( 'NONE', #1263, #1262 ) ;
#1265 = DIRECTION ( 'NONE',  ( 1.000000000000000000, 0.0000000000000000000, -0.0000000000000000000 ) ) ;
#1266 = DIRECTION ( 'NONE',  ( 0.0000000000000000000, 0.0000000000000000000, 1.000000000000000000 ) ) ;
#1267 = CARTESIAN_POINT ( 'NONE',  ( -0.3699999999999999400, 0.01000000000000000000, -0.7349999999999999900 ) ) ;
#1268 = AXIS2_PLACEMENT_3D ( 'NONE', #1267, #1266, #1265 ) ;
#1269 = PLANE ( 'NONE',  #1268 ) ;
#1270 = FACE_OUTER_BOUND ( 'NONE', #19, .T. ) ;
#1271 = DIRECTION ( 'NONE',  ( -1.000000000000000000, -0.0000000000000000000, 0.0000000000000000000 ) ) ;
#1272 = VECTOR ( 'NONE', #1271, 39.37007874015748100 ) ;
#1273 = CARTESIAN_POINT ( 'NONE',  ( 0.3699999999999995500, 0.01000000000000000000, -0.7350000000000001000 ) ) ;
#1274 = DIRECTION ( 'NONE',  ( -1.000000000000000000, 5.676550095651120800E-017, 0.0000000000000000000 ) ) ;
#1275 = AXIS2_PLACEMENT_3D ( 'NONE', #1190, #1274, #1314 ) ;
#1276 = DIRECTION ( 'NONE',  ( -0.0000000000000000000, 0.0000000000000000000, 1.000000000000000000 ) ) ;
#1277 = CARTESIAN_POINT ( 'NONE',  ( -0.6990000000000006200, -0.2099999999999999400, -0.5411593795664341200 ) ) ;
#1278 = LINE ( 'NONE', #1277, #1260 ) ;
#1279 = CARTESIAN_POINT ( 'NONE',  ( -0.6990000000000006200, -0.2099999999999999400, -0.5411593795664341200 ) ) ;
#1280 = DIRECTION ( 'NONE',  ( -1.000000000000000000, 0.0000000000000000000, 0.0000000000000000000 ) ) ;
#1281 = DIRECTION ( 'NONE',  ( 2.564788253202460200E-016, -1.000000000000000000, 1.707404996040162300E-016 ) ) ;
#1282 = CARTESIAN_POINT ( 'NONE',  ( 0.5995683169999622700, -0.2099999999999999400, -0.4850000000000004300 ) ) ;
#1283 = CARTESIAN_POINT ( 'NONE',  ( 0.6460683169999624800, -0.2199999999999999500, -0.4850000000000004300 ) ) ;
#1284 = DIRECTION ( 'NONE',  ( -0.0000000000000000000, -0.0000000000000000000, 1.000000000000000000 ) ) ;
#1285 = VECTOR ( 'NONE', #1284, 39.37007874015748100 ) ;
#1286 = CARTESIAN_POINT ( 'NONE',  ( 0.5100000000000006800, -0.2199999999999999500, -0.5850000000000003000 ) ) ;
#1287 = LINE ( 'NONE', #1286, #1285 ) ;
#1288 = LINE ( 'NONE', #1283, #1311 ) ;
#1289 = CARTESIAN_POINT ( 'NONE',  ( -0.3699999999999999400, 0.01000000000000002100, -0.7349999999999999900 ) ) ;
#1290 = DIRECTION ( 'NONE',  ( -1.000000000000000000, -0.0000000000000000000, 0.0000000000000000000 ) ) ;
#1291 = VECTOR ( 'NONE', #1290, 39.37007874015748100 ) ;
#1292 = CARTESIAN_POINT ( 'NONE',  ( -0.3699999999999999400, 0.01000000000000006400, -0.7349999999999999900 ) ) ;
#1293 = LINE ( 'NONE', #1292, #1291 ) ;
#1294 = VECTOR ( 'NONE', #1254, 39.37007874015748100 ) ;
#1295 = CARTESIAN_POINT ( 'NONE',  ( -0.3699999999999999400, 0.01000000000000000000, -0.7349999999999999900 ) ) ;
#1296 = LINE ( 'NONE', #1295, #1294 ) ;
#1297 = CARTESIAN_POINT ( 'NONE',  ( -0.3699999999999999400, 0.01000000000000000000, -0.4410000091301555800 ) ) ;
#1298 = DIRECTION ( 'NONE',  ( 0.0000000000000000000, 0.0000000000000000000, -1.000000000000000000 ) ) ;
#1299 = DIRECTION ( 'NONE',  ( -0.0000000000000000000, -1.000000000000000000, -0.0000000000000000000 ) ) ;
#1300 = CARTESIAN_POINT ( 'NONE',  ( -0.3074999570517623100, 0.01000000000000000000, -0.4410000091301555800 ) ) ;
#1301 = AXIS2_PLACEMENT_3D ( 'NONE', #1300, #1299, #1298 ) ;
#1302 = CIRCLE ( 'NONE', #1301, 0.06250004294823766100 ) ;
#1303 = CARTESIAN_POINT ( 'NONE',  ( -0.2449999141035245400, 0.01000000000000000000, -0.4410000091301555800 ) ) ;
#1304 = DIRECTION ( 'NONE',  ( -1.000000000000000000, 0.0000000000000000000, 0.0000000000000000000 ) ) ;
#1305 = DIRECTION ( 'NONE',  ( 2.564788253202460200E-016, -1.000000000000000000, 1.707404996040162300E-016 ) ) ;
#1306 = CARTESIAN_POINT ( 'NONE',  ( 0.5995683169999622700, -0.2199999999999999500, -0.4850000000000004300 ) ) ;
#1307 = AXIS2_PLACEMENT_3D ( 'NONE', #1306, #1305, #1304 ) ;
#1308 = CIRCLE ( 'NONE', #1307, 0.04650000000000010400 ) ;
#1309 = CARTESIAN_POINT ( 'NONE',  ( 0.6460683169999624800, -0.2099999999999999400, -0.4850000000000004300 ) ) ;
#1310 = DIRECTION ( 'NONE',  ( -2.564788253202460200E-016, 1.000000000000000000, -1.707404996040162300E-016 ) ) ;
#1311 = VECTOR ( 'NONE', #1310, 39.37007874015748100 ) ;
#1312 = FACE_OUTER_BOUND ( 'NONE', #78, .T. ) ;
#1313 = LINE ( 'NONE', #1273, #1272 ) ;
#1314 = DIRECTION ( 'NONE',  ( -5.676550095651120800E-017, -1.000000000000000000, 0.0000000000000000000 ) ) ;
#1315 = DIRECTION ( 'NONE',  ( 0.8153946128964629800, -0.0000000000000000000, 0.5789055408781533800 ) ) ;
#1316 = VECTOR ( 'NONE', #1315, 39.37007874015748100 ) ;
#1317 = CARTESIAN_POINT ( 'NONE',  ( -0.1489999999999999900, 0.01000000000000000000, 0.0000000000000000000 ) ) ;
#1318 = LINE ( 'NONE', #1317, #1316 ) ;
#1319 = DIRECTION ( 'NONE',  ( -0.8153946128964624200, 0.0000000000000000000, 0.5789055408781538200 ) ) ;
#1320 = DIRECTION ( 'NONE',  ( -0.5789055408781539300, 0.0000000000000000000, -0.8153946128964626400 ) ) ;
#1321 = CARTESIAN_POINT ( 'NONE',  ( 0.1489999999999999900, 0.01000000000000000000, 0.0000000000000000000 ) ) ;
#1322 = AXIS2_PLACEMENT_3D ( 'NONE', #1321, #1320, #1319 ) ;
#1323 = DIRECTION ( 'NONE',  ( 2.323000066753122300E-016, 0.0000000000000000000, 1.000000000000000000 ) ) ;
#1324 = FACE_OUTER_BOUND ( 'NONE', #108, .T. ) ;
#1325 = DIRECTION ( 'NONE',  ( -0.0000000000000000000, 0.0000000000000000000, 1.000000000000000000 ) ) ;
#1326 = VECTOR ( 'NONE', #1325, 39.37007874015748100 ) ;
#1327 = CARTESIAN_POINT ( 'NONE',  ( 0.4800000000000001500, 0.0000000000000000000, -0.6849999999999999400 ) ) ;
#1328 = LINE ( 'NONE', #1327, #1326 ) ;
#1329 = PLANE ( 'NONE',  #1322 ) ;
#1330 = PLANE ( 'NONE',  #1332 ) ;
#1331 = DIRECTION ( 'NONE',  ( -1.000000000000000000, 0.0000000000000000000, 2.323000066753122300E-016 ) ) ;
#1332 = AXIS2_PLACEMENT_3D ( 'NONE', #1334, #1331, #1323 ) ;
#1333 = FACE_OUTER_BOUND ( 'NONE', #259, .T. ) ;
#1334 = CARTESIAN_POINT ( 'NONE',  ( -0.2449999141035246200, 0.01000000000000000000, -0.7349999999999999900 ) ) ;
#1335 = CARTESIAN_POINT ( 'NONE',  ( -0.2202466769720834200, 0.01000000000000000000, -0.8510126671441219400 ) ) ;
#1336 = DIRECTION ( 'NONE',  ( 0.0000000000000000000, 0.0000000000000000000, -1.000000000000000000 ) ) ;
#1337 = DIRECTION ( 'NONE',  ( -0.0000000000000000000, -1.000000000000000000, -0.0000000000000000000 ) ) ;
#1338 = AXIS2_PLACEMENT_3D ( 'NONE', #1389, #1337, #1336 ) ;
#1339 = FACE_OUTER_BOUND ( 'NONE', #140, .T. ) ;
#1340 = DIRECTION ( 'NONE',  ( -0.0000000000000000000, 0.0000000000000000000, 1.000000000000000000 ) ) ;
#1341 = VECTOR ( 'NONE', #1340, 39.37007874015748100 ) ;
#1342 = CARTESIAN_POINT ( 'NONE',  ( 0.2449999141035242900, 0.0000000000000000000, -0.6849999999999999400 ) ) ;
#1343 = LINE ( 'NONE', #1342, #1341 ) ;
#1344 = DIRECTION ( 'NONE',  ( 0.0000000000000000000, 0.0000000000000000000, -1.000000000000000000 ) ) ;
#1345 = DIRECTION ( 'NONE',  ( 0.0000000000000000000, 1.000000000000000000, 0.0000000000000000000 ) ) ;
#1346 = CARTESIAN_POINT ( 'NONE',  ( 0.3074999570517620900, 0.0000000000000000000, -0.4410000091301556900 ) ) ;
#1347 = AXIS2_PLACEMENT_3D ( 'NONE', #1346, #1345, #1344 ) ;
#1348 = CIRCLE ( 'NONE', #1347, 0.06250004294823766100 ) ;
#1349 = FACE_BOUND ( 'NONE', #173, .T. ) ;
#1350 = DIRECTION ( 'NONE',  ( 0.0000000000000000000, 1.000000000000000000, 0.0000000000000000000 ) ) ;
#1351 = VECTOR ( 'NONE', #1350, 39.37007874015748100 ) ;
#1352 = CARTESIAN_POINT ( 'NONE',  ( 0.2449999141035242900, 0.01000000000000000000, -0.7350000000000001000 ) ) ;
#1353 = LINE ( 'NONE', #1352, #1351 ) ;
#1354 = CARTESIAN_POINT ( 'NONE',  ( 0.2449999141035243400, 0.0000000000000000000, -0.4410000091301556900 ) ) ;
#1355 = DIRECTION ( 'NONE',  ( -0.0000000000000000000, -1.000000000000000000, -0.0000000000000000000 ) ) ;
#1356 = VECTOR ( 'NONE', #1355, 39.37007874015748100 ) ;
#1357 = CARTESIAN_POINT ( 'NONE',  ( 0.2449999141035244000, 0.01000000000000000000, -0.4410000091301556900 ) ) ;
#1358 = LINE ( 'NONE', #1357, #1356 ) ;
#1359 = DIRECTION ( 'NONE',  ( -1.000000000000000000, -0.0000000000000000000, -0.0000000000000000000 ) ) ;
#1360 = VECTOR ( 'NONE', #1359, 39.37007874015748100 ) ;
#1361 = CARTESIAN_POINT ( 'NONE',  ( 0.3018848686944314300, 0.0000000000000000000, -0.7350000000000001000 ) ) ;
#1362 = DIRECTION ( 'NONE',  ( -0.0000000000000000000, -1.000000000000000000, -0.0000000000000000000 ) ) ;
#1363 = DIRECTION ( 'NONE',  ( 0.0000000000000000000, 0.0000000000000000000, -1.000000000000000000 ) ) ;
#1364 = SURFACE_STYLE_USAGE ( .BOTH. , #1365 ) ;
#1365 = SURFACE_SIDE_STYLE ('',( #1640 ) ) ;
#1366 = DIRECTION ( 'NONE',  ( 1.000000000000000000, 0.0000000000000000000, -0.0000000000000000000 ) ) ;
#1367 = DIRECTION ( 'NONE',  ( 0.0000000000000000000, 0.0000000000000000000, 1.000000000000000000 ) ) ;
#1368 = CARTESIAN_POINT ( 'NONE',  ( 0.3699999999999995500, 0.01000000000000000000, -0.7350000000000001000 ) ) ;
#1369 = AXIS2_PLACEMENT_3D ( 'NONE', #1420, #1490, #1538 ) ;
#1370 = CIRCLE ( 'NONE', #1369, 0.1849999999999998000 ) ;
#1371 = AXIS2_PLACEMENT_3D ( 'NONE', #1368, #1367, #1366 ) ;
#1372 = PLANE ( 'NONE',  #1371 ) ;
#1373 = DIRECTION ( 'NONE',  ( 0.0000000000000000000, -0.0000000000000000000, -1.000000000000000000 ) ) ;
#1374 = DIRECTION ( 'NONE',  ( 0.0000000000000000000, -1.000000000000000000, 0.0000000000000000000 ) ) ;
#1375 = CARTESIAN_POINT ( 'NONE',  ( 0.3018848686944314300, 0.0000000000000000000, -0.6849999999999999400 ) ) ;
#1376 = AXIS2_PLACEMENT_3D ( 'NONE', #1375, #1374, #1373 ) ;
#1377 = FACE_OUTER_BOUND ( 'NONE', #155, .T. ) ;
#1378 = PLANE ( 'NONE',  #1376 ) ;
#1379 = FACE_BOUND ( 'NONE', #167, .T. ) ;
#1380 = FACE_OUTER_BOUND ( 'NONE', #219, .T. ) ;
#1381 = CARTESIAN_POINT ( 'NONE',  ( 0.3074999570517620900, 0.01000000000000000000, -0.4410000091301556900 ) ) ;
#1382 = AXIS2_PLACEMENT_3D ( 'NONE', #1381, #1397, #1396 ) ;
#1383 = CYLINDRICAL_SURFACE ( 'NONE', #1382, 0.06250004294823766100 ) ;
#1384 = CARTESIAN_POINT ( 'NONE',  ( 0.2449999141035242900, 0.0000000000000000000, -0.7349999999999999900 ) ) ;
#1385 = CIRCLE ( 'NONE', #1338, 0.3119999999999997200 ) ;
#1386 = LINE ( 'NONE', #1361, #1360 ) ;
#1387 = DIRECTION ( 'NONE',  ( 0.8153946128964624200, -0.0000000000000000000, -0.5789055408781538200 ) ) ;
#1388 = VECTOR ( 'NONE', #1387, 39.37007874015748900 ) ;
#1389 = CARTESIAN_POINT ( 'NONE',  ( -2.625642737371925400E-016, 0.01000000000000000000, -1.072000000000000100 ) ) ;
#1390 = CARTESIAN_POINT ( 'NONE',  ( 0.1489999999999999900, 0.01000000000000000000, 0.0000000000000000000 ) ) ;
#1391 = LINE ( 'NONE', #1390, #1388 ) ;
#1392 = DIRECTION ( 'NONE',  ( -1.000000000000000000, -0.0000000000000000000, -0.0000000000000000000 ) ) ;
#1393 = VECTOR ( 'NONE', #1392, 39.37007874015748100 ) ;
#1394 = CARTESIAN_POINT ( 'NONE',  ( 0.3018848686944314300, 0.0000000000000000000, -0.7349999999999999900 ) ) ;
#1395 = LINE ( 'NONE', #1394, #1393 ) ;
#1396 = DIRECTION ( 'NONE',  ( 0.0000000000000000000, 0.0000000000000000000, -1.000000000000000000 ) ) ;
#1397 = DIRECTION ( 'NONE',  ( -0.0000000000000000000, -1.000000000000000000, -0.0000000000000000000 ) ) ;
#1398 = CARTESIAN_POINT ( 'NONE',  ( 0.3018848686944314300, 0.01000000000000000000, -0.6849999999999999400 ) ) ;
#1399 = DIRECTION ( 'NONE',  ( -1.000000000000000000, -0.0000000000000000000, -0.0000000000000000000 ) ) ;
#1400 = CARTESIAN_POINT ( 'NONE',  ( -2.625642737371925400E-016, 0.0000000000000000000, -1.072000000000000100 ) ) ;
#1401 = DIRECTION ( 'NONE',  ( 0.0000000000000000000, -1.000000000000000000, 0.0000000000000000000 ) ) ;
#1402 = DIRECTION ( 'NONE',  ( 0.0000000000000000000, -1.067128122525099600E-016, 1.000000000000000000 ) ) ;
#1403 = DIRECTION ( 'NONE',  ( -0.0000000000000000000, -1.000000000000000000, -0.0000000000000000000 ) ) ;
#1404 = CARTESIAN_POINT ( 'NONE',  ( 0.3018848686944314300, 0.0000000000000000000, -0.6849999999999999400 ) ) ;
#1405 = AXIS2_PLACEMENT_3D ( 'NONE', #1404, #1403, #1459 ) ;
#1406 = CIRCLE ( 'NONE', #1405, 0.1849999999999996600 ) ;
#1407 = FACE_OUTER_BOUND ( 'NONE', #179, .T. ) ;
#1408 = DIRECTION ( 'NONE',  ( 0.0000000000000000000, 1.000000000000000000, 0.0000000000000000000 ) ) ;
#1409 = VECTOR ( 'NONE', #1408, 39.37007874015748100 ) ;
#1410 = CARTESIAN_POINT ( 'NONE',  ( 0.3699999999999997200, 0.01000000000000000000, -0.4410000091301558000 ) ) ;
#1411 = LINE ( 'NONE', #1410, #1409 ) ;
#1412 = PLANE ( 'NONE',  #1443 ) ;
#1413 = CARTESIAN_POINT ( 'NONE',  ( 0.3699999999999997200, 0.0000000000000000000, -0.4410000091301558000 ) ) ;
#1414 = DIRECTION ( 'NONE',  ( 0.0000000000000000000, 0.0000000000000000000, -1.000000000000000000 ) ) ;
#1415 = DIRECTION ( 'NONE',  ( -0.0000000000000000000, -1.000000000000000000, -0.0000000000000000000 ) ) ;
#1416 = CARTESIAN_POINT ( 'NONE',  ( -0.3018848686944313200, 0.01000000000000000000, -0.6849999999999998300 ) ) ;
#1417 = CARTESIAN_POINT ( 'NONE',  ( 0.3018848686944314300, 0.0000000000000000000, -0.7349999999999999900 ) ) ;
#1418 = AXIS2_PLACEMENT_3D ( 'NONE', #1416, #1415, #1414 ) ;
#1419 = CIRCLE ( 'NONE', #1418, 0.1849999999999998000 ) ;
#1420 = CARTESIAN_POINT ( 'NONE',  ( -0.3018848686944313200, 0.0000000000000000000, -0.6849999999999998300 ) ) ;
#1421 = CARTESIAN_POINT ( 'NONE',  ( -0.2202466769720834200, 0.0000000000000000000, -0.8510126671441219400 ) ) ;
#1422 = DIRECTION ( 'NONE',  ( -0.0000000000000000000, -1.000000000000000000, -0.0000000000000000000 ) ) ;
#1423 = VECTOR ( 'NONE', #1422, 39.37007874015748100 ) ;
#1424 = CARTESIAN_POINT ( 'NONE',  ( -0.2202466769720835500, 0.01000000000000000000, -0.8510126671441221600 ) ) ;
#1425 = LINE ( 'NONE', #1424, #1423 ) ;
#1426 = DIRECTION ( 'NONE',  ( 0.0000000000000000000, 0.0000000000000000000, -1.000000000000000000 ) ) ;
#1427 = DIRECTION ( 'NONE',  ( -0.0000000000000000000, -1.000000000000000000, -0.0000000000000000000 ) ) ;
#1428 = AXIS2_PLACEMENT_3D ( 'NONE', #1462, #1427, #1426 ) ;
#1429 = LINE ( 'NONE', #1417, #1454 ) ;
#1430 = DIRECTION ( 'NONE',  ( 0.0000000000000000000, 1.000000000000000000, 0.0000000000000000000 ) ) ;
#1431 = AXIS2_PLACEMENT_3D ( 'NONE', #1400, #1430, #1450 ) ;
#1432 = CIRCLE ( 'NONE', #1431, 0.3119999999999997200 ) ;
#1433 = DIRECTION ( 'NONE',  ( 0.0000000000000000000, -0.0000000000000000000, -1.000000000000000000 ) ) ;
#1434 = VECTOR ( 'NONE', #1433, 39.37007874015748100 ) ;
#1435 = CARTESIAN_POINT ( 'NONE',  ( 0.3699999999999996600, 0.0000000000000000000, -0.6849999999999999400 ) ) ;
#1436 = LINE ( 'NONE', #1435, #1434 ) ;
#1437 = CARTESIAN_POINT ( 'NONE',  ( 0.3699999999999996100, 0.0000000000000000000, -0.7349999999999999900 ) ) ;
#1438 = DIRECTION ( 'NONE',  ( -2.323000066753122300E-016, 0.0000000000000000000, -1.000000000000000000 ) ) ;
#1439 = DIRECTION ( 'NONE',  ( 1.000000000000000000, 0.0000000000000000000, -2.323000066753122300E-016 ) ) ;
#1440 = CYLINDRICAL_SURFACE ( 'NONE', #1480, 0.01000000000000016700 ) ;
#1441 = FACE_OUTER_BOUND ( 'NONE', #207, .T. ) ;
#1442 = CARTESIAN_POINT ( 'NONE',  ( 0.2449999141035242900, 0.01000000000000000000, -0.7350000000000001000 ) ) ;
#1443 = AXIS2_PLACEMENT_3D ( 'NONE', #1442, #1439, #1438 ) ;
#1444 = DIRECTION ( 'NONE',  ( 1.000000000000000000, -0.0000000000000000000, 0.0000000000000000000 ) ) ;
#1445 = CARTESIAN_POINT ( 'NONE',  ( -0.3699999999999999400, 0.01000000000000000000, -0.7349999999999999900 ) ) ;
#1446 = CYLINDRICAL_SURFACE ( 'NONE', #1448, 0.1849999999999996600 ) ;
#1447 = CARTESIAN_POINT ( 'NONE',  ( 0.3018848686944314300, 0.01000000000000000000, -0.6849999999999999400 ) ) ;
#1448 = AXIS2_PLACEMENT_3D ( 'NONE', #1447, #1475, #1474 ) ;
#1449 = FACE_OUTER_BOUND ( 'NONE', #196, .T. ) ;
#1450 = DIRECTION ( 'NONE',  ( 8.881784197001252300E-016, 0.0000000000000000000, -1.000000000000000000 ) ) ;
#1451 = CARTESIAN_POINT ( 'NONE',  ( -0.3699999999999998800, 0.0000000000000000000, -0.7349999999999999900 ) ) ;
#1452 = DIRECTION ( 'NONE',  ( 0.0000000000000000000, 0.0000000000000000000, -1.000000000000000000 ) ) ;
#1453 = PLANE ( 'NONE',  #1481 ) ;
#1454 = VECTOR ( 'NONE', #1399, 39.37007874015748100 ) ;
#1455 = DIRECTION ( 'NONE',  ( -0.8153946128964624200, 0.0000000000000000000, -0.5789055408781539300 ) ) ;
#1456 = VECTOR ( 'NONE', #1455, 39.37007874015748900 ) ;
#1457 = CARTESIAN_POINT ( 'NONE',  ( -0.1489999999999999900, 0.0000000000000000000, 0.0000000000000000000 ) ) ;
#1458 = LINE ( 'NONE', #1457, #1456 ) ;
#1459 = DIRECTION ( 'NONE',  ( 0.0000000000000000000, 0.0000000000000000000, -1.000000000000000000 ) ) ;
#1460 = CARTESIAN_POINT ( 'NONE',  ( -0.2449999141035246200, 0.01000000000000000000, -0.7349999999999999900 ) ) ;
#1461 = LINE ( 'NONE', #1460, #1473 ) ;
#1462 = CARTESIAN_POINT ( 'NONE',  ( -0.3018848686944313200, 0.01000000000000000000, -0.6849999999999998300 ) ) ;
#1463 = CYLINDRICAL_SURFACE ( 'NONE', #1428, 0.1849999999999998000 ) ;
#1464 = FACE_OUTER_BOUND ( 'NONE', #228, .T. ) ;
#1465 = DIRECTION ( 'NONE',  ( 0.0000000000000000000, -0.0000000000000000000, -1.000000000000000000 ) ) ;
#1466 = VECTOR ( 'NONE', #1465, 39.37007874015748100 ) ;
#1467 = CARTESIAN_POINT ( 'NONE',  ( -0.4799999999999998200, 0.0000000000000000000, -0.6849999999999999400 ) ) ;
#1468 = LINE ( 'NONE', #1467, #1466 ) ;
#1469 = CARTESIAN_POINT ( 'NONE',  ( 0.4799999999999998700, -0.01000000000000005900, -0.2350000000000002400 ) ) ;
#1470 = AXIS2_PLACEMENT_3D ( 'NONE', #1469, #1402, #1401 ) ;
#1471 = FACE_OUTER_BOUND ( 'NONE', #190, .T. ) ;
#1472 = DIRECTION ( 'NONE',  ( -2.323000066753122300E-016, -0.0000000000000000000, -1.000000000000000000 ) ) ;
#1473 = VECTOR ( 'NONE', #1472, 39.37007874015748100 ) ;
#1474 = DIRECTION ( 'NONE',  ( 0.0000000000000000000, 0.0000000000000000000, -1.000000000000000000 ) ) ;
#1475 = DIRECTION ( 'NONE',  ( -0.0000000000000000000, -1.000000000000000000, -0.0000000000000000000 ) ) ;
#1476 = CYLINDRICAL_SURFACE ( 'NONE', #1470, 0.009999999999999892700 ) ;
#1477 = DIRECTION ( 'NONE',  ( -1.000000000000000000, 0.0000000000000000000, 0.0000000000000000000 ) ) ;
#1478 = DIRECTION ( 'NONE',  ( 0.0000000000000000000, 0.0000000000000000000, -1.000000000000000000 ) ) ;
#1479 = CARTESIAN_POINT ( 'NONE',  ( -0.4799999999999998700, -0.01000000000000000000, -0.7350000000000003200 ) ) ;
#1480 = AXIS2_PLACEMENT_3D ( 'NONE', #1479, #1478, #1477 ) ;
#1481 = AXIS2_PLACEMENT_3D ( 'NONE', #1445, #1444, #1452 ) ;
#1482 = FACE_OUTER_BOUND ( 'NONE', #186, .T. ) ;
#1483 = AXIS2_PLACEMENT_3D ( 'NONE', #1484, #1621, #1620 ) ;
#1484 = CARTESIAN_POINT ( 'NONE',  ( 0.3699999999999995500, 0.01000000000000000000, -0.7350000000000001000 ) ) ;
#1485 = FACE_OUTER_BOUND ( 'NONE', #268, .T. ) ;
#1486 = DIRECTION ( 'NONE',  ( -0.0000000000000000000, 1.000000000000000000, 0.0000000000000000000 ) ) ;
#1487 = VECTOR ( 'NONE', #1486, 39.37007874015748100 ) ;
#1488 = CARTESIAN_POINT ( 'NONE',  ( 0.3699999999999995500, 0.01000000000000000000, -0.7350000000000001000 ) ) ;
#1489 = LINE ( 'NONE', #1488, #1487 ) ;
#1490 = DIRECTION ( 'NONE',  ( -0.0000000000000000000, -1.000000000000000000, -0.0000000000000000000 ) ) ;
#1491 = FACE_OUTER_BOUND ( 'NONE', #261, .T. ) ;
#1492 = DIRECTION ( 'NONE',  ( 0.0000000000000000000, 0.0000000000000000000, -1.000000000000000000 ) ) ;
#1493 = DIRECTION ( 'NONE',  ( 0.0000000000000000000, 1.000000000000000000, 0.0000000000000000000 ) ) ;
#1494 = AXIS2_PLACEMENT_3D ( 'NONE', #1507, #1493, #1492 ) ;
#1495 = CIRCLE ( 'NONE', #1494, 0.06250004294823766100 ) ;
#1496 = CARTESIAN_POINT ( 'NONE',  ( 0.3018848686944314300, 0.0000000000000000000, 0.0000000000000000000 ) ) ;
#1497 = LINE ( 'NONE', #1496, #1542 ) ;
#1498 = CARTESIAN_POINT ( 'NONE',  ( -0.2449999141035245400, 0.0000000000000000000, -0.7349999999999999900 ) ) ;
#1499 = DIRECTION ( 'NONE',  ( -1.000000000000000000, -0.0000000000000000000, -0.0000000000000000000 ) ) ;
#1500 = VECTOR ( 'NONE', #1499, 39.37007874015748100 ) ;
#1501 = CARTESIAN_POINT ( 'NONE',  ( 0.3018848686944314300, 0.0000000000000000000, -0.7349999999999999900 ) ) ;
#1502 = DIRECTION ( 'NONE',  ( 1.000000000000000000, 0.0000000000000000000, -0.0000000000000000000 ) ) ;
#1503 = DIRECTION ( 'NONE',  ( 0.0000000000000000000, 0.0000000000000000000, 1.000000000000000000 ) ) ;
#1504 = LINE ( 'NONE', #1501, #1500 ) ;
#1505 = CYLINDRICAL_SURFACE ( 'NONE', #1573, 0.3119999999999997200 ) ;
#1506 = FACE_OUTER_BOUND ( 'NONE', #241, .T. ) ;
#1507 = CARTESIAN_POINT ( 'NONE',  ( -0.3074999570517623100, 0.0000000000000000000, -0.4410000091301555800 ) ) ;
#1508 = PLANE ( 'NONE',  #1483 ) ;
#1509 = DIRECTION ( 'NONE',  ( -0.8153946128964629800, 0.0000000000000000000, -0.5789055408781533800 ) ) ;
#1510 = DIRECTION ( 'NONE',  ( 0.5789055408781533800, 0.0000000000000000000, -0.8153946128964629800 ) ) ;
#1511 = FACE_OUTER_BOUND ( 'NONE', #239, .T. ) ;
#1512 = CARTESIAN_POINT ( 'NONE',  ( -0.1489999999999999900, 0.01000000000000000000, 0.0000000000000000000 ) ) ;
#1513 = AXIS2_PLACEMENT_3D ( 'NONE', #1512, #1510, #1509 ) ;
#1514 = DIRECTION ( 'NONE',  ( 0.0000000000000000000, 0.0000000000000000000, 1.000000000000000000 ) ) ;
#1515 = DIRECTION ( 'NONE',  ( -1.000000000000000000, -0.0000000000000000000, -0.0000000000000000000 ) ) ;
#1516 = CARTESIAN_POINT ( 'NONE',  ( -0.1489999999999999900, -0.009999999999999965500, 0.0000000000000000000 ) ) ;
#1517 = AXIS2_PLACEMENT_3D ( 'NONE', #1516, #1515, #1514 ) ;
#1518 = CYLINDRICAL_SURFACE ( 'NONE', #1517, 0.01000000000000000000 ) ;
#1519 = CIRCLE ( 'NONE', #1653, 0.06250000000000001400 ) ;
#1520 = CARTESIAN_POINT ( 'NONE',  ( 0.2459999141035242300, -0.08226748216640605800, -0.4494460447165893900 ) ) ;
#1521 = DIRECTION ( 'NONE',  ( 1.000000000000000000, 0.0000000000000000000, 0.0000000000000000000 ) ) ;
#1522 = VECTOR ( 'NONE', #1521, 39.37007874015748100 ) ;
#1523 = CARTESIAN_POINT ( 'NONE',  ( 0.2459999141035242300, -0.08226748216640605800, -0.4494460447165893900 ) ) ;
#1524 = LINE ( 'NONE', #1523, #1522 ) ;
#1525 = CARTESIAN_POINT ( 'NONE',  ( 0.3689999999999994400, -0.08226748216640605800, -0.4494460447165893900 ) ) ;
#1526 = DIRECTION ( 'NONE',  ( -0.0000000000000000000, -0.0000000000000000000, 1.000000000000000000 ) ) ;
#1527 = VECTOR ( 'NONE', #1526, 39.37007874015748100 ) ;
#1528 = CARTESIAN_POINT ( 'NONE',  ( 0.3689999999999994400, -0.08226748216640605800, -0.4494460447165893900 ) ) ;
#1529 = LINE ( 'NONE', #1528, #1527 ) ;
#1530 = DIRECTION ( 'NONE',  ( -0.7071067811865398000, -0.0000000000000000000, 0.7071067811865552300 ) ) ;
#1531 = VECTOR ( 'NONE', #1530, 39.37007874015748100 ) ;
#1532 = CARTESIAN_POINT ( 'NONE',  ( -0.6990000000000006200, -0.2099999999999999400, -0.5411593795664341200 ) ) ;
#1533 = LINE ( 'NONE', #1532, #1531 ) ;
#1534 = DIRECTION ( 'NONE',  ( 0.7071067811865398000, -0.0000000000000000000, 0.7071067811865552300 ) ) ;
#1535 = VECTOR ( 'NONE', #1534, 39.37007874015748100 ) ;
#1536 = CARTESIAN_POINT ( 'NONE',  ( 0.6990000000000006200, -0.2099999999999999400, -0.5411593795664341200 ) ) ;
#1537 = LINE ( 'NONE', #1536, #1535 ) ;
#1538 = DIRECTION ( 'NONE',  ( 0.0000000000000000000, 0.0000000000000000000, -1.000000000000000000 ) ) ;
#1539 = PLANE ( 'NONE',  #1513 ) ;
#1540 = FACE_OUTER_BOUND ( 'NONE', #257, .T. ) ;
#1541 = DIRECTION ( 'NONE',  ( -1.000000000000000000, -0.0000000000000000000, -0.0000000000000000000 ) ) ;
#1542 = VECTOR ( 'NONE', #1541, 39.37007874015748100 ) ;
#1543 = CARTESIAN_POINT ( 'NONE',  ( 0.5100000000000006800, -0.2099999999999999400, -0.5850000000000003000 ) ) ;
#1544 = CARTESIAN_POINT ( 'NONE',  ( -0.6551593795664353300, -0.2099999999999998800, -0.3850000000000004500 ) ) ;
#1545 = CARTESIAN_POINT ( 'NONE',  ( 0.5100000000000006800, -0.2099999999999999400, -0.3850000000000002900 ) ) ;
#1546 = DIRECTION ( 'NONE',  ( -0.0000000000000000000, -0.0000000000000000000, 1.000000000000000000 ) ) ;
#1547 = VECTOR ( 'NONE', #1546, 39.37007874015748100 ) ;
#1548 = CARTESIAN_POINT ( 'NONE',  ( 0.5100000000000006800, -0.2099999999999999400, -0.5850000000000003000 ) ) ;
#1549 = LINE ( 'NONE', #1548, #1547 ) ;
#1550 = DIRECTION ( 'NONE',  ( -1.000000000000000000, -0.0000000000000000000, 1.320504117104260900E-015 ) ) ;
#1551 = VECTOR ( 'NONE', #1550, 39.37007874015748100 ) ;
#1552 = CARTESIAN_POINT ( 'NONE',  ( 0.6551593795664353300, -0.2099999999999999100, -0.3850000000000004500 ) ) ;
#1553 = DIRECTION ( 'NONE',  ( -0.8153946128964627600, 0.0000000000000000000, 0.5789055408781536000 ) ) ;
#1554 = VECTOR ( 'NONE', #1553, 39.37007874015748100 ) ;
#1555 = CARTESIAN_POINT ( 'NONE',  ( 0.4800000000000001500, 0.0000000000000000000, -0.2350000000000002400 ) ) ;
#1556 = LINE ( 'NONE', #1555, #1554 ) ;
#1557 = LINE ( 'NONE', #1552, #1551 ) ;
#1558 = CARTESIAN_POINT ( 'NONE',  ( 0.6551593795664353300, -0.2099999999999998800, -0.3850000000000004500 ) ) ;
#1559 = DIRECTION ( 'NONE',  ( -6.669550765781895700E-017, 0.0000000000000000000, -1.000000000000000000 ) ) ;
#1560 = VECTOR ( 'NONE', #1559, 39.37007874015748100 ) ;
#1561 = CARTESIAN_POINT ( 'NONE',  ( 0.002999999999999973200, 0.006999999999999999300, -0.09199999999999999800 ) ) ;
#1562 = LINE ( 'NONE', #1561, #1560 ) ;
#1563 = CARTESIAN_POINT ( 'NONE',  ( 0.002999999999999977100, 0.006999999999999999300, -0.02000000000000002500 ) ) ;
#1564 = DIRECTION ( 'NONE',  ( 0.0000000000000000000, 0.0000000000000000000, 1.000000000000000000 ) ) ;
#1565 = DIRECTION ( 'NONE',  ( -0.0000000000000000000, -1.000000000000000000, -0.0000000000000000000 ) ) ;
#1566 = CARTESIAN_POINT ( 'NONE',  ( 0.3084999141035242300, -0.09226748216640605300, -0.4369460447165893800 ) ) ;
#1567 = AXIS2_PLACEMENT_3D ( 'NONE', #1566, #1565, #1564 ) ;
#1568 = CIRCLE ( 'NONE', #1567, 0.06250000000000001400 ) ;
#1569 = DIRECTION ( 'NONE',  ( 0.0000000000000000000, 1.000000000000000000, -0.0000000000000000000 ) ) ;
#1570 = VECTOR ( 'NONE', #1569, 39.37007874015748100 ) ;
#1571 = CARTESIAN_POINT ( 'NONE',  ( 0.2459999141035242300, -0.09226748216640605300, -0.4369460447165893800 ) ) ;
#1572 = LINE ( 'NONE', #1571, #1570 ) ;
#1573 = AXIS2_PLACEMENT_3D ( 'NONE', #1627, #1626, #1628 ) ;
#1574 = DIRECTION ( 'NONE',  ( -0.0000000000000000000, -0.0000000000000000000, -1.000000000000000000 ) ) ;
#1575 = VECTOR ( 'NONE', #1574, 39.37007874015748100 ) ;
#1576 = CARTESIAN_POINT ( 'NONE',  ( -0.5100000000000007900, -0.2199999999999999700, -0.3850000000000002900 ) ) ;
#1577 = LINE ( 'NONE', #1576, #1575 ) ;
#1578 = CARTESIAN_POINT ( 'NONE',  ( -0.002999999999999991400, 0.006999999999999999300, -0.02000000000000002500 ) ) ;
#1579 = DIRECTION ( 'NONE',  ( 1.000000000000000000, 0.0000000000000000000, -0.0000000000000000000 ) ) ;
#1580 = VECTOR ( 'NONE', #1579, 39.37007874015748100 ) ;
#1581 = CARTESIAN_POINT ( 'NONE',  ( 0.002999999999999977900, 0.006999999999999999300, -0.02000000000000002500 ) ) ;
#1582 = LINE ( 'NONE', #1581, #1580 ) ;
#1583 = AXIS2_PLACEMENT_3D ( 'NONE', #1586, #1503, #1502 ) ;
#1584 = PLANE ( 'NONE',  #1583 ) ;
#1585 = FACE_OUTER_BOUND ( 'NONE', #276, .T. ) ;
#1586 = CARTESIAN_POINT ( 'NONE',  ( -0.3699999999999999400, 0.01000000000000000000, -0.7349999999999999900 ) ) ;
#1587 = DIRECTION ( 'NONE',  ( -1.000000000000000000, -0.0000000000000000000, -0.0000000000000000000 ) ) ;
#1588 = VECTOR ( 'NONE', #1587, 39.37007874015748100 ) ;
#1589 = CARTESIAN_POINT ( 'NONE',  ( 0.3018848686944314300, 0.0000000000000000000, -0.7350000000000001000 ) ) ;
#1590 = DIRECTION ( 'NONE',  ( 1.000000000000000000, 0.0000000000000000000, -0.0000000000000000000 ) ) ;
#1591 = DIRECTION ( 'NONE',  ( 0.0000000000000000000, 0.0000000000000000000, 1.000000000000000000 ) ) ;
#1592 = LINE ( 'NONE', #1589, #1588 ) ;
#1593 = CARTESIAN_POINT ( 'NONE',  ( 0.3699999999999995500, 0.01000000000000000000, -0.7350000000000001000 ) ) ;
#1594 = AXIS2_PLACEMENT_3D ( 'NONE', #1593, #1591, #1590 ) ;
#1595 = DIRECTION ( 'NONE',  ( 0.0000000000000000000, -0.0000000000000000000, 1.000000000000000000 ) ) ;
#1596 = DIRECTION ( 'NONE',  ( 0.0000000000000000000, 1.000000000000000000, 0.0000000000000000000 ) ) ;
#1597 = CARTESIAN_POINT ( 'NONE',  ( -0.07499999999999998300, 0.006999999999999999300, -0.09199999999999999800 ) ) ;
#1598 = AXIS2_PLACEMENT_3D ( 'NONE', #1597, #1596, #1595 ) ;
#1599 = PLANE ( 'NONE',  #1598 ) ;
#1600 = FACE_OUTER_BOUND ( 'NONE', #297, .T. ) ;
#1601 = DIRECTION ( 'NONE',  ( -1.000000000000000000, 2.200840195173770500E-016, 0.0000000000000000000 ) ) ;
#1602 = VECTOR ( 'NONE', #1601, 39.37007874015748100 ) ;
#1603 = CARTESIAN_POINT ( 'NONE',  ( -0.5000000000000007800, -0.2199999999999999700, -0.5850000000000003000 ) ) ;
#1604 = LINE ( 'NONE', #1603, #1602 ) ;
#1605 = CARTESIAN_POINT ( 'NONE',  ( 0.2459999141035242300, -0.09226748216640605300, -0.4369460447165893800 ) ) ;
#1606 = DIRECTION ( 'NONE',  ( -1.000000000000000000, -0.0000000000000000000, -0.0000000000000000000 ) ) ;
#1607 = VECTOR ( 'NONE', #1606, 39.37007874015748100 ) ;
#1608 = CARTESIAN_POINT ( 'NONE',  ( 0.3018848686944314300, 0.0000000000000000000, -0.7349999999999999900 ) ) ;
#1609 = LINE ( 'NONE', #1608, #1607 ) ;
#1610 = DIRECTION ( 'NONE',  ( 0.0000000000000000000, -0.3090169943749415700, 0.9510565162951555300 ) ) ;
#1611 = DIRECTION ( 'NONE',  ( -0.0000000000000000000, 0.9510565162951555300, 0.3090169943749415700 ) ) ;
#1612 = CARTESIAN_POINT ( 'NONE',  ( -0.2459999141035242300, -0.09177804732935762600, -0.4525362146603388300 ) ) ;
#1613 = AXIS2_PLACEMENT_3D ( 'NONE', #1612, #1611, #1610 ) ;
#1614 = PLANE ( 'NONE',  #1613 ) ;
#1615 = FACE_OUTER_BOUND ( 'NONE', #284, .T. ) ;
#1616 = DIRECTION ( 'NONE',  ( -0.0000000000000000000, -1.000000000000000000, 0.0000000000000000000 ) ) ;
#1617 = VECTOR ( 'NONE', #1616, 39.37007874015748100 ) ;
#1618 = CARTESIAN_POINT ( 'NONE',  ( -0.2449999141035246200, 0.01000000000000000000, -0.7349999999999999900 ) ) ;
#1619 = LINE ( 'NONE', #1618, #1617 ) ;
#1620 = DIRECTION ( 'NONE',  ( 4.646000133506245700E-016, 0.0000000000000000000, 1.000000000000000000 ) ) ;
#1621 = DIRECTION ( 'NONE',  ( -1.000000000000000000, 0.0000000000000000000, 4.646000133506245700E-016 ) ) ;
#1622 = DIRECTION ( 'NONE',  ( 0.0000000000000000000, -0.0000000000000000000, -1.000000000000000000 ) ) ;
#1623 = VECTOR ( 'NONE', #1622, 39.37007874015748100 ) ;
#1624 = CARTESIAN_POINT ( 'NONE',  ( -0.2449999141035245100, 0.0000000000000000000, -0.6849999999999999400 ) ) ;
#1625 = LINE ( 'NONE', #1624, #1623 ) ;
#1626 = DIRECTION ( 'NONE',  ( -0.0000000000000000000, -1.000000000000000000, -0.0000000000000000000 ) ) ;
#1627 = CARTESIAN_POINT ( 'NONE',  ( -2.625642737371925400E-016, 0.01000000000000000000, -1.072000000000000100 ) ) ;
#1628 = DIRECTION ( 'NONE',  ( 0.0000000000000000000, 0.0000000000000000000, -1.000000000000000000 ) ) ;
#1629 = PLANE ( 'NONE',  #1594 ) ;
#1630 = DIRECTION ( 'NONE',  ( 0.0000000000000000000, -0.3090169943749415700, 0.9510565162951555300 ) ) ;
#1631 = DIRECTION ( 'NONE',  ( -0.0000000000000000000, 0.9510565162951555300, 0.3090169943749415700 ) ) ;
#1632 = CARTESIAN_POINT ( 'NONE',  ( 0.2459999141035242300, -0.09177804732935762600, -0.4525362146603388300 ) ) ;
#1633 = AXIS2_PLACEMENT_3D ( 'NONE', #1632, #1631, #1630 ) ;
#1634 = PLANE ( 'NONE',  #1633 ) ;
#1635 = FACE_OUTER_BOUND ( 'NONE', #214, .T. ) ;
#1636 = DIRECTION ( 'NONE',  ( 1.092739197465705100E-015, 0.0000000000000000000, 1.000000000000000000 ) ) ;
#1637 = DIRECTION ( 'NONE',  ( -0.0000000000000000000, -1.000000000000000000, -0.0000000000000000000 ) ) ;
#1638 = CARTESIAN_POINT ( 'NONE',  ( -0.5100000000000006800, -0.2199999999999999700, -0.3850000000000003400 ) ) ;
#1639 = CARTESIAN_POINT ( 'NONE',  ( 0.002999999999999973600, 0.006999999999999999300, -0.09199999999999999800 ) ) ;
#1640 = SURFACE_STYLE_FILL_AREA ( #1641 ) ;
#1641 = FILL_AREA_STYLE ('',( #1648 ) ) ;
#1642 = COLOUR_RGB ( '',0.8274509803921568100, 0.8392156862745098200, 0.8274509803921568100 ) ;
#1643 = FACE_OUTER_BOUND ( 'NONE', #348, .T. ) ;
#1644 = DIRECTION ( 'NONE',  ( 0.0000000000000000000, 0.0000000000000000000, 1.000000000000000000 ) ) ;
#1645 = DIRECTION ( 'NONE',  ( -0.0000000000000000000, -1.000000000000000000, -0.0000000000000000000 ) ) ;
#1646 = CARTESIAN_POINT ( 'NONE',  ( 0.3084999141035242300, -0.08226748216640605800, -0.4369460447165893800 ) ) ;
#1647 = AXIS2_PLACEMENT_3D ( 'NONE', #1646, #1645, #1644 ) ;
#1648 = FILL_AREA_STYLE_COLOUR ( '', #1642 ) ;
#1649 = DIRECTION ( 'NONE',  ( 0.0000000000000000000, -0.0000000000000000000, -1.000000000000000000 ) ) ;
#1650 = DIRECTION ( 'NONE',  ( 0.0000000000000000000, -1.000000000000000000, 0.0000000000000000000 ) ) ;
#1651 = AXIS2_PLACEMENT_3D ( 'NONE', #1656, #1650, #1649 ) ;
#1652 = CIRCLE ( 'NONE', #1647, 0.06250000000000001400 ) ;
#1653 = AXIS2_PLACEMENT_3D ( 'NONE', #1655, #1637, #1636 ) ;
#1654 = CARTESIAN_POINT ( 'NONE',  ( 0.3074999570517618600, -0.08226748216640605800, -0.3744540445414099000 ) ) ;
#1655 = CARTESIAN_POINT ( 'NONE',  ( 0.3064999999999994400, -0.08226748216640605800, -0.4369460447165893800 ) ) ;
#1656 = CARTESIAN_POINT ( 'NONE',  ( 0.3689999999999994400, -0.08226748216640605800, -0.4494460447165893900 ) ) ;
#1657 = PLANE ( 'NONE',  #1651 ) ;
#1658 = FACE_OUTER_BOUND ( 'NONE', #301, .T. ) ;
#1659 = DIRECTION ( 'NONE',  ( -0.0000000000000000000, -0.0000000000000000000, -1.000000000000000000 ) ) ;
#1660 = VECTOR ( 'NONE', #1659, 39.37007874015748100 ) ;
#1661 = CARTESIAN_POINT ( 'NONE',  ( 0.2459999141035242300, -0.08226748216640605800, -0.3744460447165893800 ) ) ;
#1662 = LINE ( 'NONE', #1661, #1660 ) ;
#1663 = CARTESIAN_POINT ( 'NONE',  ( 0.2459999141035242300, -0.08226748216640605800, -0.4369460447165893800 ) ) ;
#1664 = DIRECTION ( 'NONE',  ( 1.000000000000000000, -2.200840195173770500E-016, -0.0000000000000000000 ) ) ;
#1665 = VECTOR ( 'NONE', #1664, 39.37007874015748100 ) ;
#1666 = CARTESIAN_POINT ( 'NONE',  ( -0.5000000000000007800, -0.2199999999999999500, -0.3850000000000004000 ) ) ;
#1667 = LINE ( 'NONE', #1666, #1665 ) ;
#1668 = DIMENSIONAL_EXPONENTS ( 1.000000000000000000, 0.0000000000000000000, 0.0000000000000000000, 0.0000000000000000000, 0.0000000000000000000, 0.0000000000000000000, 0.0000000000000000000 ) ;
#1669 =( LENGTH_UNIT ( ) NAMED_UNIT ( * ) SI_UNIT ( $, .METRE. ) );
#1670 = MECHANICAL_DESIGN_GEOMETRIC_PRESENTATION_REPRESENTATION (  '', ( #1868 ), #1848 ) ;
#1671 = PRESENTATION_LAYER_ASSIGNMENT (  '', '', ( #1868 ) ) ;
#1672 = PRESENTATION_STYLE_ASSIGNMENT (( #1364 ) ) ;
#1673 = DIRECTION ( 'NONE',  ( -1.000000000000000000, -0.0000000000000000000, -1.760672156139016400E-015 ) ) ;
#1674 = VECTOR ( 'NONE', #1673, 39.37007874015748100 ) ;
#1675 = CARTESIAN_POINT ( 'NONE',  ( -0.5000000000000005600, -0.2099999999999999900, -0.5850000000000003000 ) ) ;
#1676 = LINE ( 'NONE', #1675, #1674 ) ;
#1677 = AXIS2_PLACEMENT_3D ( 'NONE', #1873, #2143, #2376 ) ;
#1678 = CARTESIAN_POINT ( 'NONE',  ( -0.3018848686944313200, 0.0000000000000000000, -0.8699999999999995500 ) ) ;
#1679 = CARTESIAN_POINT ( 'NONE',  ( 0.2202466769720827200, 0.01000000000000000000, -0.8510126671441216000 ) ) ;
#1680 = CARTESIAN_POINT ( 'NONE',  ( -0.6460683169999624800, -0.2199999999999999500, -0.4850000000000004300 ) ) ;
#1681 = DIRECTION ( 'NONE',  ( -1.000000000000000000, 0.0000000000000000000, 0.0000000000000000000 ) ) ;
#1682 = DIRECTION ( 'NONE',  ( -2.564788253202460200E-016, -1.000000000000000000, 1.707404996040162300E-016 ) ) ;
#1683 = CARTESIAN_POINT ( 'NONE',  ( -0.5995683169999622700, -0.2199999999999999500, -0.4850000000000004300 ) ) ;
#1684 = AXIS2_PLACEMENT_3D ( 'NONE', #1683, #1682, #1681 ) ;
#1685 = CIRCLE ( 'NONE', #1684, 0.04650000000000017300 ) ;
#1686 = DIRECTION ( 'NONE',  ( -1.000000000000000000, 0.0000000000000000000, 0.0000000000000000000 ) ) ;
#1687 = DIRECTION ( 'NONE',  ( 2.564788253202460200E-016, 1.000000000000000000, -1.707404996040162300E-016 ) ) ;
#1688 = AXIS2_PLACEMENT_3D ( 'NONE', #1689, #1687, #1686 ) ;
#1689 = CARTESIAN_POINT ( 'NONE',  ( -0.5995683169999622700, -0.2199999999999999500, -0.4850000000000004300 ) ) ;
#1690 = CYLINDRICAL_SURFACE ( 'NONE', #1688, 0.04650000000000017300 ) ;
#1691 = DIRECTION ( 'NONE',  ( 0.0000000000000000000, 0.0000000000000000000, -1.000000000000000000 ) ) ;
#1692 = DIRECTION ( 'NONE',  ( -0.0000000000000000000, -1.000000000000000000, -0.0000000000000000000 ) ) ;
#1693 = CARTESIAN_POINT ( 'NONE',  ( 0.3018848686944314300, 0.01000000000000000000, -0.6849999999999999400 ) ) ;
#1694 = AXIS2_PLACEMENT_3D ( 'NONE', #1693, #1692, #1691 ) ;
#1695 = FACE_OUTER_BOUND ( 'NONE', #436, .T. ) ;
#1696 = CYLINDRICAL_SURFACE ( 'NONE', #1694, 0.1849999999999996600 ) ;
#1697 = FACE_OUTER_BOUND ( 'NONE', #374, .T. ) ;
#1698 =( GEOMETRIC_REPRESENTATION_CONTEXT ( 3 ) GLOBAL_UNCERTAINTY_ASSIGNED_CONTEXT ( ( #1699 ) ) GLOBAL_UNIT_ASSIGNED_CONTEXT ( ( #1727, #1726, #1700 ) ) REPRESENTATION_CONTEXT ( 'NONE', 'WORKASPACE' ) );
#1699 = UNCERTAINTY_MEASURE_WITH_UNIT (LENGTH_MEASURE( 1.000000000000000100E-005 ), #1727, 'distance_accuracy_value', 'NONE');
#1700 =( NAMED_UNIT ( * ) SI_UNIT ( $, .STERADIAN. ) SOLID_ANGLE_UNIT ( ) );
#1701 = CARTESIAN_POINT ( 'NONE',  ( -0.4799999999999999300, 0.01000000000000018100, -0.7349999999999994300 ) ) ;
#1702 = DIRECTION ( 'NONE',  ( 0.0000000000000000000, 0.0000000000000000000, -1.000000000000000000 ) ) ;
#1703 = DIRECTION ( 'NONE',  ( -0.0000000000000000000, -1.000000000000000000, -0.0000000000000000000 ) ) ;
#1704 = CARTESIAN_POINT ( 'NONE',  ( -0.3018848686944313200, 0.01000000000000000000, -0.6849999999999998300 ) ) ;
#1705 = AXIS2_PLACEMENT_3D ( 'NONE', #1704, #1703, #1702 ) ;
#1706 = CIRCLE ( 'NONE', #1705, 0.1849999999999998000 ) ;
#1707 = DIRECTION ( 'NONE',  ( -1.000000000000000000, 0.0000000000000000000, 0.0000000000000000000 ) ) ;
#1708 = DIRECTION ( 'NONE',  ( -2.564788253202460200E-016, 1.000000000000000000, -1.707404996040162300E-016 ) ) ;
#1709 = AXIS2_PLACEMENT_3D ( 'NONE', #1710, #1708, #1707 ) ;
#1710 = CARTESIAN_POINT ( 'NONE',  ( 0.5995683169999622700, -0.2199999999999999500, -0.4850000000000004300 ) ) ;
#1711 = CYLINDRICAL_SURFACE ( 'NONE', #1709, 0.04650000000000010400 ) ;
#1712 = FACE_OUTER_BOUND ( 'NONE', #428, .T. ) ;
#1713 = DIRECTION ( 'NONE',  ( 0.0000000000000000000, 1.000000000000000000, 0.0000000000000000000 ) ) ;
#1714 = VECTOR ( 'NONE', #1713, 39.37007874015748100 ) ;
#1715 = CARTESIAN_POINT ( 'NONE',  ( 0.2202466769720832500, 0.01000000000000000000, -0.8510126671441218300 ) ) ;
#1716 = LINE ( 'NONE', #1715, #1714 ) ;
#1717 = CARTESIAN_POINT ( 'NONE',  ( 0.3689999999999994400, -0.09226748216640605300, -0.4369460447165893800 ) ) ;
#1718 = DIRECTION ( 'NONE',  ( 1.092739197465705100E-015, 0.0000000000000000000, 1.000000000000000000 ) ) ;
#1719 = DIRECTION ( 'NONE',  ( -0.0000000000000000000, -1.000000000000000000, -0.0000000000000000000 ) ) ;
#1720 = CARTESIAN_POINT ( 'NONE',  ( 0.3064999999999994400, -0.09226748216640605300, -0.4369460447165893800 ) ) ;
#1721 = AXIS2_PLACEMENT_3D ( 'NONE', #1720, #1719, #1718 ) ;
#1722 = CIRCLE ( 'NONE', #1721, 0.06250000000000001400 ) ;
#1723 = DIRECTION ( 'NONE',  ( 0.0000000000000000000, 1.000000000000000000, 0.0000000000000000000 ) ) ;
#1724 = VECTOR ( 'NONE', #1723, 39.37007874015748100 ) ;
#1725 = CARTESIAN_POINT ( 'NONE',  ( 0.3074999570517618600, -0.09226748216640605300, -0.3744540445414099000 ) ) ;
#1726 =( NAMED_UNIT ( * ) PLANE_ANGLE_UNIT ( ) SI_UNIT ( $, .RADIAN. ) );
#1727 =( CONVERSION_BASED_UNIT ( 'INCH', #1728 ) LENGTH_UNIT ( ) NAMED_UNIT ( #1729 ) );
#1728 = LENGTH_MEASURE_WITH_UNIT ( LENGTH_MEASURE( 0.02539999999999999900 ), #1730 );
#1729 = DIMENSIONAL_EXPONENTS ( 1.000000000000000000, 0.0000000000000000000, 0.0000000000000000000, 0.0000000000000000000, 0.0000000000000000000, 0.0000000000000000000, 0.0000000000000000000 ) ;
#1730 =( LENGTH_UNIT ( ) NAMED_UNIT ( * ) SI_UNIT ( $, .METRE. ) );
#1731 = MECHANICAL_DESIGN_GEOMETRIC_PRESENTATION_REPRESENTATION (  '', ( #1733 ), #1698 ) ;
#1732 = PRESENTATION_LAYER_ASSIGNMENT (  '', '', ( #1733 ) ) ;
#1733 = STYLED_ITEM ( 'NONE', ( #1734 ), #433 ) ;
#1734 = PRESENTATION_STYLE_ASSIGNMENT (( #1735 ) ) ;
#1735 = SURFACE_STYLE_USAGE ( .BOTH. , #1736 ) ;
#1736 = SURFACE_SIDE_STYLE ('',( #1737 ) ) ;
#1737 = SURFACE_STYLE_FILL_AREA ( #1738 ) ;
#1738 = FILL_AREA_STYLE ('',( #1746 ) ) ;
#1739 = COLOUR_RGB ( '',0.8274509803921568100, 0.8392156862745098200, 0.8274509803921568100 ) ;
#1740 = CARTESIAN_POINT ( 'NONE',  ( 0.2202466769720827200, 0.0000000000000000000, -0.8510126671441216000 ) ) ;
#1741 = DIRECTION ( 'NONE',  ( 0.0000000000000000000, 0.0000000000000000000, -1.000000000000000000 ) ) ;
#1742 = DIRECTION ( 'NONE',  ( -0.0000000000000000000, -1.000000000000000000, -0.0000000000000000000 ) ) ;
#1743 = CARTESIAN_POINT ( 'NONE',  ( 0.3018848686944314300, 0.0000000000000000000, -0.6849999999999999400 ) ) ;
#1744 = AXIS2_PLACEMENT_3D ( 'NONE', #1743, #1742, #1741 ) ;
#1745 = CIRCLE ( 'NONE', #1744, 0.1849999999999996600 ) ;
#1746 = FILL_AREA_STYLE_COLOUR ( '', #1739 ) ;
#1747 = DIRECTION ( 'NONE',  ( 2.564788253202460200E-016, 1.000000000000000000, -1.707404996040162300E-016 ) ) ;
#1748 = VECTOR ( 'NONE', #1747, 39.37007874015748100 ) ;
#1749 = CARTESIAN_POINT ( 'NONE',  ( -0.6460683169999624800, -0.2199999999999999500, -0.4850000000000004300 ) ) ;
#1750 = LINE ( 'NONE', #1749, #1748 ) ;
#1751 = DIRECTION ( 'NONE',  ( -1.000000000000000000, 0.0000000000000000000, 0.0000000000000000000 ) ) ;
#1752 = DIRECTION ( 'NONE',  ( -2.564788253202460200E-016, -1.000000000000000000, 1.707404996040162300E-016 ) ) ;
#1753 = CARTESIAN_POINT ( 'NONE',  ( -0.5995683169999622700, -0.2099999999999999400, -0.4850000000000004300 ) ) ;
#1754 = AXIS2_PLACEMENT_3D ( 'NONE', #1753, #1752, #1751 ) ;
#1755 = DIRECTION ( 'NONE',  ( 0.0000000000000000000, 0.0000000000000000000, -1.000000000000000000 ) ) ;
#1756 = DIRECTION ( 'NONE',  ( -0.0000000000000000000, -1.000000000000000000, -0.0000000000000000000 ) ) ;
#1757 = AXIS2_PLACEMENT_3D ( 'NONE', #1759, #1756, #1755 ) ;
#1758 = CIRCLE ( 'NONE', #1754, 0.04650000000000017300 ) ;
#1759 = CARTESIAN_POINT ( 'NONE',  ( -0.3018848686944313200, 0.01000000000000000000, -0.6849999999999998300 ) ) ;
#1760 = CYLINDRICAL_SURFACE ( 'NONE', #1757, 0.1849999999999998000 ) ;
#1761 = FACE_OUTER_BOUND ( 'NONE', #402, .T. ) ;
#1762 = CARTESIAN_POINT ( 'NONE',  ( 0.3018848686944314300, 0.0000000000000000000, -0.8699999999999995500 ) ) ;
#1763 = DIRECTION ( 'NONE',  ( 0.0000000000000000000, 0.0000000000000000000, -1.000000000000000000 ) ) ;
#1764 = DIRECTION ( 'NONE',  ( -0.0000000000000000000, -1.000000000000000000, -0.0000000000000000000 ) ) ;
#1765 = CARTESIAN_POINT ( 'NONE',  ( 0.3018848686944314300, 0.01000000000000000000, -0.6849999999999999400 ) ) ;
#1766 = AXIS2_PLACEMENT_3D ( 'NONE', #1765, #1764, #1763 ) ;
#1767 = CIRCLE ( 'NONE', #1766, 0.1849999999999996600 ) ;
#1768 = DIRECTION ( 'NONE',  ( 0.0000000000000000000, 1.000000000000000000, 0.0000000000000000000 ) ) ;
#1769 = VECTOR ( 'NONE', #1768, 39.37007874015748100 ) ;
#1770 = CARTESIAN_POINT ( 'NONE',  ( -0.4799999999999997000, 0.01000000000000000000, -0.7350000000000003200 ) ) ;
#1771 = LINE ( 'NONE', #1770, #1769 ) ;
#1772 = CARTESIAN_POINT ( 'NONE',  ( -0.4799999999999998200, 8.323599355695802500E-017, -0.7350000000000002100 ) ) ;
#1773 = DIRECTION ( 'NONE',  ( 0.0000000000000000000, 0.0000000000000000000, -1.000000000000000000 ) ) ;
#1774 = DIRECTION ( 'NONE',  ( -0.0000000000000000000, -1.000000000000000000, -0.0000000000000000000 ) ) ;
#1775 = CARTESIAN_POINT ( 'NONE',  ( -0.3018848686944313200, 0.0000000000000000000, -0.6849999999999998300 ) ) ;
#1776 = AXIS2_PLACEMENT_3D ( 'NONE', #1775, #1774, #1773 ) ;
#1777 = CIRCLE ( 'NONE', #1776, 0.1849999999999998000 ) ;
#1778 = CARTESIAN_POINT ( 'NONE',  ( 0.6551593795664351100, -0.2199999999999999200, -0.5850000000000006300 ) ) ;
#1779 = DIRECTION ( 'NONE',  ( -0.7071067811865402500, 0.0000000000000000000, -0.7071067811865545700 ) ) ;
#1780 = VECTOR ( 'NONE', #1779, 39.37007874015748900 ) ;
#1781 = CARTESIAN_POINT ( 'NONE',  ( 0.6990000000000006200, -0.2199999999999999500, -0.5411593795664341200 ) ) ;
#1782 = LINE ( 'NONE', #1781, #1780 ) ;
#1783 = DIRECTION ( 'NONE',  ( 2.564788253202460200E-016, -1.000000000000000000, -0.0000000000000000000 ) ) ;
#1784 = VECTOR ( 'NONE', #1783, 39.37007874015748100 ) ;
#1785 = CARTESIAN_POINT ( 'NONE',  ( 0.6990000000000006200, -0.2199999999999999200, -0.4288406204335669100 ) ) ;
#1786 = LINE ( 'NONE', #1785, #1784 ) ;
#1787 = CARTESIAN_POINT ( 'NONE',  ( -0.3018848686944313200, 0.01000000000000000000, -0.8699999999999995500 ) ) ;
#1788 = LINE ( 'NONE', #1725, #1724 ) ;
#1789 = CARTESIAN_POINT ( 'NONE',  ( 0.5000000000000006700, -0.1999999999999999800, -0.3850000000000002900 ) ) ;
#1790 = CARTESIAN_POINT ( 'NONE',  ( 0.5100000000000006800, -0.2199999999999999500, -0.3850000000000002900 ) ) ;
#1791 = DIRECTION ( 'NONE',  ( 1.000000000000000000, 2.200840195173770500E-016, -0.0000000000000000000 ) ) ;
#1792 = VECTOR ( 'NONE', #1791, 39.37007874015748100 ) ;
#1793 = CARTESIAN_POINT ( 'NONE',  ( 0.5000000000000007800, -0.2199999999999999500, -0.3850000000000002900 ) ) ;
#1794 = LINE ( 'NONE', #1793, #1792 ) ;
#1795 = CARTESIAN_POINT ( 'NONE',  ( 0.5000000000000005600, -0.1999999999999999800, -0.5850000000000003000 ) ) ;
#1796 = CARTESIAN_POINT ( 'NONE',  ( -0.2459999141035242300, -0.08226748216640605800, -0.4494460447165893900 ) ) ;
#1797 = DIRECTION ( 'NONE',  ( -0.0000000000000000000, -0.0000000000000000000, -1.000000000000000000 ) ) ;
#1798 = VECTOR ( 'NONE', #1797, 39.37007874015748100 ) ;
#1799 = CARTESIAN_POINT ( 'NONE',  ( -0.2459999141035242300, -0.08226748216640605800, -0.3744460447165893800 ) ) ;
#1800 = LINE ( 'NONE', #1799, #1798 ) ;
#1801 = CARTESIAN_POINT ( 'NONE',  ( -0.3689999999999994400, -0.08226748216640605800, -0.4369460447165893800 ) ) ;
#1802 = DIRECTION ( 'NONE',  ( -0.0000000000000000000, -0.0000000000000000000, 1.000000000000000000 ) ) ;
#1803 = VECTOR ( 'NONE', #1802, 39.37007874015748100 ) ;
#1804 = CARTESIAN_POINT ( 'NONE',  ( -0.3689999999999994400, -0.08226748216640605800, -0.4494460447165893900 ) ) ;
#1805 = LINE ( 'NONE', #1804, #1803 ) ;
#1806 = CARTESIAN_POINT ( 'NONE',  ( -0.3689999999999995500, -0.08226748216640605800, -0.4494460447165893900 ) ) ;
#1807 = DIRECTION ( 'NONE',  ( 1.000000000000000000, 0.0000000000000000000, 0.0000000000000000000 ) ) ;
#1808 = VECTOR ( 'NONE', #1807, 39.37007874015748100 ) ;
#1809 = CARTESIAN_POINT ( 'NONE',  ( -0.2459999141035242300, -0.08226748216640605800, -0.4494460447165893900 ) ) ;
#1810 = LINE ( 'NONE', #1809, #1808 ) ;
#1811 = CARTESIAN_POINT ( 'NONE',  ( -0.6460683169999624800, -0.2099999999999999400, -0.4850000000000004300 ) ) ;
#1812 = CARTESIAN_POINT ( 'NONE',  ( -0.5530683169999621700, -0.2099999999999999400, -0.4850000000000004300 ) ) ;
#1813 = DIRECTION ( 'NONE',  ( 2.564788253202460200E-016, 1.000000000000000000, -1.707404996040162300E-016 ) ) ;
#1814 = VECTOR ( 'NONE', #1813, 39.37007874015748100 ) ;
#1815 = CARTESIAN_POINT ( 'NONE',  ( -0.5530683169999621700, -0.2199999999999999500, -0.4850000000000004300 ) ) ;
#1816 = LINE ( 'NONE', #1815, #1814 ) ;
#1817 = CARTESIAN_POINT ( 'NONE',  ( -0.5530683169999621700, -0.2199999999999999500, -0.4850000000000004300 ) ) ;
#1818 = CARTESIAN_POINT ( 'NONE',  ( 0.3018848686944314300, 0.01000000000000000000, -0.8699999999999995500 ) ) ;
#1819 = DIRECTION ( 'NONE',  ( -0.0000000000000000000, -1.000000000000000000, -0.0000000000000000000 ) ) ;
#1820 = VECTOR ( 'NONE', #1819, 39.37007874015748100 ) ;
#1821 = CARTESIAN_POINT ( 'NONE',  ( 0.3018848686944314300, 0.01000000000000000000, -0.8699999999999995500 ) ) ;
#1822 =( CONVERSION_BASED_UNIT ( 'INCH', #1823 ) LENGTH_UNIT ( ) NAMED_UNIT ( #1824 ) );
#1823 = LENGTH_MEASURE_WITH_UNIT ( LENGTH_MEASURE( 0.02539999999999999900 ), #1825 );
#1824 = DIMENSIONAL_EXPONENTS ( 1.000000000000000000, 0.0000000000000000000, 0.0000000000000000000, 0.0000000000000000000, 0.0000000000000000000, 0.0000000000000000000, 0.0000000000000000000 ) ;
#1825 =( LENGTH_UNIT ( ) NAMED_UNIT ( * ) SI_UNIT ( $, .METRE. ) );
#1826 = MECHANICAL_DESIGN_GEOMETRIC_PRESENTATION_REPRESENTATION (  '', ( #1828 ), #1864 ) ;
#1827 = PRESENTATION_LAYER_ASSIGNMENT (  '', '', ( #1828 ) ) ;
#1828 = STYLED_ITEM ( 'NONE', ( #1829 ), #363 ) ;
#1829 = PRESENTATION_STYLE_ASSIGNMENT (( #1830 ) ) ;
#1830 = SURFACE_STYLE_USAGE ( .BOTH. , #1831 ) ;
#1831 = SURFACE_SIDE_STYLE ('',( #1832 ) ) ;
#1832 = SURFACE_STYLE_FILL_AREA ( #1833 ) ;
#1833 = FILL_AREA_STYLE ('',( #1840 ) ) ;
#1834 = COLOUR_RGB ( '',0.8274509803921568100, 0.8392156862745098200, 0.8274509803921568100 ) ;
#1835 = FACE_OUTER_BOUND ( 'NONE', #325, .T. ) ;
#1836 = DIRECTION ( 'NONE',  ( 0.0000000000000000000, 1.000000000000000000, 0.0000000000000000000 ) ) ;
#1837 = VECTOR ( 'NONE', #1836, 39.37007874015748100 ) ;
#1838 = CARTESIAN_POINT ( 'NONE',  ( 0.3689999999999994400, -0.09226748216640605300, -0.4369460447165893800 ) ) ;
#1839 = LINE ( 'NONE', #1838, #1837 ) ;
#1840 = FILL_AREA_STYLE_COLOUR ( '', #1834 ) ;
#1841 = CARTESIAN_POINT ( 'NONE',  ( -0.5100000000000006800, -0.2199999999999999700, -0.5850000000000003000 ) ) ;
#1842 = DIRECTION ( 'NONE',  ( 0.0000000000000000000, 0.0000000000000000000, 1.000000000000000000 ) ) ;
#1843 = DIRECTION ( 'NONE',  ( 0.0000000000000000000, 1.000000000000000000, 0.0000000000000000000 ) ) ;
#1844 = CARTESIAN_POINT ( 'NONE',  ( 0.3064999999999994400, -0.09226748216640605300, -0.4369460447165893800 ) ) ;
#1845 = AXIS2_PLACEMENT_3D ( 'NONE', #1844, #1843, #1842 ) ;
#1846 = CARTESIAN_POINT ( 'NONE',  ( 0.3074999570517618600, -0.09226748216640605300, -0.3744540445414099000 ) ) ;
#1847 = CYLINDRICAL_SURFACE ( 'NONE', #1845, 0.06250000000000001400 ) ;
#1848 =( GEOMETRIC_REPRESENTATION_CONTEXT ( 3 ) GLOBAL_UNCERTAINTY_ASSIGNED_CONTEXT ( ( #1849 ) ) GLOBAL_UNIT_ASSIGNED_CONTEXT ( ( #1852, #1851, #1850 ) ) REPRESENTATION_CONTEXT ( 'NONE', 'WORKASPACE' ) );
#1849 = UNCERTAINTY_MEASURE_WITH_UNIT (LENGTH_MEASURE( 1.000000000000000100E-005 ), #1852, 'distance_accuracy_value', 'NONE');
#1850 =( NAMED_UNIT ( * ) SI_UNIT ( $, .STERADIAN. ) SOLID_ANGLE_UNIT ( ) );
#1851 =( NAMED_UNIT ( * ) PLANE_ANGLE_UNIT ( ) SI_UNIT ( $, .RADIAN. ) );
#1852 =( CONVERSION_BASED_UNIT ( 'INCH', #1853 ) LENGTH_UNIT ( ) NAMED_UNIT ( #1668 ) );
#1853 = LENGTH_MEASURE_WITH_UNIT ( LENGTH_MEASURE( 0.02539999999999999900 ), #1669 );
#1854 = LINE ( 'NONE', #1821, #1820 ) ;
#1855 = DIRECTION ( 'NONE',  ( -0.0000000000000000000, -1.000000000000000000, -0.0000000000000000000 ) ) ;
#1856 = VECTOR ( 'NONE', #1855, 39.37007874015748100 ) ;
#1857 = CARTESIAN_POINT ( 'NONE',  ( -0.3018848686944313200, 0.01000000000000000000, -0.8699999999999995500 ) ) ;
#1858 = LINE ( 'NONE', #1857, #1856 ) ;
#1859 = DIRECTION ( 'NONE',  ( 0.0000000000000000000, 0.0000000000000000000, 1.000000000000000000 ) ) ;
#1860 = DIRECTION ( 'NONE',  ( 0.0000000000000000000, 1.000000000000000000, 0.0000000000000000000 ) ) ;
#1861 = CARTESIAN_POINT ( 'NONE',  ( 0.3084999141035242300, -0.09226748216640605300, -0.4369460447165893800 ) ) ;
#1862 = AXIS2_PLACEMENT_3D ( 'NONE', #1861, #1860, #1859 ) ;
#1863 = CYLINDRICAL_SURFACE ( 'NONE', #1862, 0.06250000000000001400 ) ;
#1864 =( GEOMETRIC_REPRESENTATION_CONTEXT ( 3 ) GLOBAL_UNCERTAINTY_ASSIGNED_CONTEXT ( ( #1865 ) ) GLOBAL_UNIT_ASSIGNED_CONTEXT ( ( #1822, #1867, #1866 ) ) REPRESENTATION_CONTEXT ( 'NONE', 'WORKASPACE' ) );
#1865 = UNCERTAINTY_MEASURE_WITH_UNIT (LENGTH_MEASURE( 1.000000000000000100E-005 ), #1822, 'distance_accuracy_value', 'NONE');
#1866 =( NAMED_UNIT ( * ) SI_UNIT ( $, .STERADIAN. ) SOLID_ANGLE_UNIT ( ) );
#1867 =( NAMED_UNIT ( * ) PLANE_ANGLE_UNIT ( ) SI_UNIT ( $, .RADIAN. ) );
#1868 = STYLED_ITEM ( 'NONE', ( #1672 ), #354 ) ;
#1869 = DIRECTION ( 'NONE',  ( 3.006180435780568800E-031, -1.000000000000000000, 1.707404996040166700E-016 ) ) ;
#1870 = VECTOR ( 'NONE', #1869, 39.37007874015748100 ) ;
#1871 = CARTESIAN_POINT ( 'NONE',  ( 0.6551593795664351100, -0.2199999999999999700, -0.5850000000000006300 ) ) ;
#1872 = LINE ( 'NONE', #1871, #1870 ) ;
#1873 = CARTESIAN_POINT ( 'NONE',  ( 0.1489999999999999900, -0.009999999999999965500, 0.0000000000000000000 ) ) ;
#1874 = DIRECTION ( 'NONE',  ( -1.000000000000000000, 0.0000000000000000000, 0.0000000000000000000 ) ) ;
#1875 = DIRECTION ( 'NONE',  ( 0.0000000000000000000, 0.0000000000000000000, -1.000000000000000000 ) ) ;
#1876 = CARTESIAN_POINT ( 'NONE',  ( 0.5100000000000006800, -0.1999999999999999600, -0.3850000000000002900 ) ) ;
#1877 = AXIS2_PLACEMENT_3D ( 'NONE', #1876, #1875, #1874 ) ;
#1878 = CIRCLE ( 'NONE', #1877, 0.009999999999999962000 ) ;
#1879 = DIRECTION ( 'NONE',  ( -1.000000000000000000, 0.0000000000000000000, 0.0000000000000000000 ) ) ;
#1880 = DIRECTION ( 'NONE',  ( 0.0000000000000000000, 0.0000000000000000000, -1.000000000000000000 ) ) ;
#1881 = AXIS2_PLACEMENT_3D ( 'NONE', #1882, #1880, #1879 ) ;
#1882 = CARTESIAN_POINT ( 'NONE',  ( 0.5100000000000006800, -0.1999999999999999600, -0.5850000000000003000 ) ) ;
#1883 = CYLINDRICAL_SURFACE ( 'NONE', #1881, 0.009999999999999962000 ) ;
#1884 = DIRECTION ( 'NONE',  ( 0.0000000000000000000, 0.0000000000000000000, 1.000000000000000000 ) ) ;
#1885 = DIRECTION ( 'NONE',  ( 0.0000000000000000000, 1.000000000000000000, 0.0000000000000000000 ) ) ;
#1886 = CARTESIAN_POINT ( 'NONE',  ( -0.3064999999999994400, -0.09226748216640605300, -0.4369460447165893800 ) ) ;
#1887 = AXIS2_PLACEMENT_3D ( 'NONE', #1886, #1885, #1884 ) ;
#1888 = FACE_OUTER_BOUND ( 'NONE', #493, .T. ) ;
#1889 = CYLINDRICAL_SURFACE ( 'NONE', #1887, 0.06250000000000001400 ) ;
#1890 =( GEOMETRIC_REPRESENTATION_CONTEXT ( 3 ) GLOBAL_UNCERTAINTY_ASSIGNED_CONTEXT ( ( #1891 ) ) GLOBAL_UNIT_ASSIGNED_CONTEXT ( ( #1900, #1893, #1892 ) ) REPRESENTATION_CONTEXT ( 'NONE', 'WORKASPACE' ) );
#1891 = UNCERTAINTY_MEASURE_WITH_UNIT (LENGTH_MEASURE( 1.000000000000000100E-005 ), #1900, 'distance_accuracy_value', 'NONE');
#1892 =( NAMED_UNIT ( * ) SI_UNIT ( $, .STERADIAN. ) SOLID_ANGLE_UNIT ( ) );
#1893 =( NAMED_UNIT ( * ) PLANE_ANGLE_UNIT ( ) SI_UNIT ( $, .RADIAN. ) );
#1894 = CARTESIAN_POINT ( 'NONE',  ( -0.3064999999999994400, -0.08226748216640605800, -0.4369460447165893800 ) ) ;
#1895 = CARTESIAN_POINT ( 'NONE',  ( -0.3689999999999994400, -0.09226748216640605300, -0.4369460447165893800 ) ) ;
#1896 = DIRECTION ( 'NONE',  ( -0.0000000000000000000, -1.000000000000000000, -0.0000000000000000000 ) ) ;
#1897 = VECTOR ( 'NONE', #1896, 39.37007874015748100 ) ;
#1898 = CARTESIAN_POINT ( 'NONE',  ( -0.3689999999999994400, -0.09226748216640605300, -0.4369460447165893800 ) ) ;
#1899 = LINE ( 'NONE', #1898, #1897 ) ;
#1900 =( CONVERSION_BASED_UNIT ( 'INCH', #1901 ) LENGTH_UNIT ( ) NAMED_UNIT ( #1902 ) );
#1901 = LENGTH_MEASURE_WITH_UNIT ( LENGTH_MEASURE( 0.02539999999999999900 ), #1903 );
#1902 = DIMENSIONAL_EXPONENTS ( 1.000000000000000000, 0.0000000000000000000, 0.0000000000000000000, 0.0000000000000000000, 0.0000000000000000000, 0.0000000000000000000, 0.0000000000000000000 ) ;
#1903 =( LENGTH_UNIT ( ) NAMED_UNIT ( * ) SI_UNIT ( $, .METRE. ) );
#1904 = MECHANICAL_DESIGN_GEOMETRIC_PRESENTATION_REPRESENTATION (  '', ( #1906 ), #1890 ) ;
#1905 = PRESENTATION_LAYER_ASSIGNMENT (  '', '', ( #1906 ) ) ;
#1906 = STYLED_ITEM ( 'NONE', ( #1907 ), #542 ) ;
#1907 = PRESENTATION_STYLE_ASSIGNMENT (( #1908 ) ) ;
#1908 = SURFACE_STYLE_USAGE ( .BOTH. , #1909 ) ;
#1909 = SURFACE_SIDE_STYLE ('',( #1910 ) ) ;
#1910 = SURFACE_STYLE_FILL_AREA ( #1911 ) ;
#1911 = FILL_AREA_STYLE ('',( #1918 ) ) ;
#1912 = COLOUR_RGB ( '',0.8274509803921568100, 0.8392156862745098200, 0.8274509803921568100 ) ;
#1913 = FACE_OUTER_BOUND ( 'NONE', #543, .T. ) ;
#1914 = DIRECTION ( 'NONE',  ( 0.0000000000000000000, 1.000000000000000000, 0.0000000000000000000 ) ) ;
#1915 = VECTOR ( 'NONE', #1914, 39.37007874015748100 ) ;
#1916 = CARTESIAN_POINT ( 'NONE',  ( -0.2459999141035242000, -0.09226748216640605300, -0.4369460447165893800 ) ) ;
#1917 = LINE ( 'NONE', #1916, #1915 ) ;
#1918 = FILL_AREA_STYLE_COLOUR ( '', #1912 ) ;
#1919 = DIRECTION ( 'NONE',  ( 1.000000000000000000, 0.0000000000000000000, 0.0000000000000000000 ) ) ;
#1920 = DIRECTION ( 'NONE',  ( 0.0000000000000000000, 0.0000000000000000000, 1.000000000000000000 ) ) ;
#1921 = CARTESIAN_POINT ( 'NONE',  ( -0.5100000000000006800, -0.1999999999999999600, -0.5850000000000003000 ) ) ;
#1922 = AXIS2_PLACEMENT_3D ( 'NONE', #1921, #1920, #1919 ) ;
#1923 = CIRCLE ( 'NONE', #1922, 0.01000000000000003000 ) ;
#1924 = CARTESIAN_POINT ( 'NONE',  ( -0.5000000000000005600, -0.1999999999999999800, -0.5850000000000003000 ) ) ;
#1925 = CARTESIAN_POINT ( 'NONE',  ( 0.5100000000000006800, -0.2199999999999999700, -0.5850000000000004100 ) ) ;
#1926 = VECTOR ( 'NONE', #1928, 39.37007874015748100 ) ;
#1927 = CARTESIAN_POINT ( 'NONE',  ( -0.6551593795664351100, -0.2099999999999999400, -0.5850000000000006300 ) ) ;
#1928 = DIRECTION ( 'NONE',  ( -1.000000000000000000, -2.200840195173770500E-016, 0.0000000000000000000 ) ) ;
#1929 = CARTESIAN_POINT ( 'NONE',  ( 0.5000000000000007800, -0.2199999999999999700, -0.5850000000000006300 ) ) ;
#1930 = LINE ( 'NONE', #1929, #1926 ) ;
#1931 = DIRECTION ( 'NONE',  ( -1.000000000000000000, -2.200840195173770500E-016, 0.0000000000000000000 ) ) ;
#1932 = DIRECTION ( 'NONE',  ( -2.200840195173770500E-016, 1.000000000000000000, -1.707404996040162300E-016 ) ) ;
#1933 = CARTESIAN_POINT ( 'NONE',  ( 0.5000000000000007800, -0.2199999999999999500, -0.3850000000000002900 ) ) ;
#1934 = AXIS2_PLACEMENT_3D ( 'NONE', #1933, #1932, #1931 ) ;
#1935 = PLANE ( 'NONE',  #1934 ) ;
#1936 = FACE_BOUND ( 'NONE', #351, .T. ) ;
#1937 = FACE_OUTER_BOUND ( 'NONE', #535, .T. ) ;
#1938 = DIRECTION ( 'NONE',  ( 2.136096624621345500E-016, 1.000000000000000000, -2.136096624621289000E-016 ) ) ;
#1939 = VECTOR ( 'NONE', #1938, 39.37007874015748100 ) ;
#1940 = CARTESIAN_POINT ( 'NONE',  ( -0.6990000000000006200, -0.2199999999999999200, -0.4288406204335669100 ) ) ;
#1941 = LINE ( 'NONE', #1940, #1939 ) ;
#1942 = DIRECTION ( 'NONE',  ( -1.000000000000000000, 0.0000000000000000000, 0.0000000000000000000 ) ) ;
#1943 = DIRECTION ( 'NONE',  ( -2.564788253202460200E-016, -1.000000000000000000, 1.707404996040162300E-016 ) ) ;
#1944 = CARTESIAN_POINT ( 'NONE',  ( -0.5995683169999622700, -0.2199999999999999500, -0.4850000000000004300 ) ) ;
#1945 = AXIS2_PLACEMENT_3D ( 'NONE', #1944, #1943, #1942 ) ;
#1946 = DIRECTION ( 'NONE',  ( -1.000000000000000000, 0.0000000000000000000, 0.0000000000000000000 ) ) ;
#1947 = DIRECTION ( 'NONE',  ( 2.564788253202460200E-016, 1.000000000000000000, -1.707404996040162300E-016 ) ) ;
#1948 = CARTESIAN_POINT ( 'NONE',  ( -0.5995683169999622700, -0.2199999999999999500, -0.4850000000000004300 ) ) ;
#1949 = AXIS2_PLACEMENT_3D ( 'NONE', #1948, #1947, #1946 ) ;
#1950 = CIRCLE ( 'NONE', #1945, 0.04650000000000017300 ) ;
#1951 = CYLINDRICAL_SURFACE ( 'NONE', #1949, 0.04650000000000017300 ) ;
#1952 = DIRECTION ( 'NONE',  ( -1.000000000000000000, 0.0000000000000000000, 0.0000000000000000000 ) ) ;
#1953 = DIRECTION ( 'NONE',  ( -2.564788253202460200E-016, -1.000000000000000000, 1.707404996040162300E-016 ) ) ;
#1954 = CARTESIAN_POINT ( 'NONE',  ( -0.5995683169999622700, -0.2099999999999999400, -0.4850000000000004300 ) ) ;
#1955 = AXIS2_PLACEMENT_3D ( 'NONE', #1954, #1953, #1952 ) ;
#1956 = CIRCLE ( 'NONE', #1955, 0.04650000000000017300 ) ;
#1957 = FACE_OUTER_BOUND ( 'NONE', #415, .T. ) ;
#1958 = CARTESIAN_POINT ( 'NONE',  ( 0.6990000000000006200, -0.2099999999999999400, -0.5411593795664341200 ) ) ;
#1959 = DIRECTION ( 'NONE',  ( -2.564788253202460200E-016, 1.000000000000000000, -1.707404996040162300E-016 ) ) ;
#1960 = VECTOR ( 'NONE', #1959, 39.37007874015748100 ) ;
#1961 = CARTESIAN_POINT ( 'NONE',  ( 0.5530683169999621700, -0.2199999999999999500, -0.4850000000000004300 ) ) ;
#1962 = LINE ( 'NONE', #1961, #1960 ) ;
#1963 = DIRECTION ( 'NONE',  ( 5.463695987328525500E-016, -2.047772595865460500E-030, -1.000000000000000000 ) ) ;
#1964 = VECTOR ( 'NONE', #1963, 39.37007874015748100 ) ;
#1965 = CARTESIAN_POINT ( 'NONE',  ( -0.5000000000000004400, -0.1999999999999999800, -0.7350000000000003200 ) ) ;
#1966 = LINE ( 'NONE', #1965, #1964 ) ;
#1967 = CARTESIAN_POINT ( 'NONE',  ( -0.2459999141035242000, -0.09226748216640605300, -0.4369460447165893800 ) ) ;
#1968 = DIRECTION ( 'NONE',  ( 0.0000000000000000000, 0.0000000000000000000, 1.000000000000000000 ) ) ;
#1969 = DIRECTION ( 'NONE',  ( -0.0000000000000000000, -1.000000000000000000, -0.0000000000000000000 ) ) ;
#1970 = CARTESIAN_POINT ( 'NONE',  ( -0.3084999141035242300, -0.09226748216640605300, -0.4369460447165893800 ) ) ;
#1971 = AXIS2_PLACEMENT_3D ( 'NONE', #1970, #1969, #1968 ) ;
#1972 = CIRCLE ( 'NONE', #1971, 0.06250000000000001400 ) ;
#1973 = CARTESIAN_POINT ( 'NONE',  ( -0.3074999570517618600, -0.09226748216640605300, -0.3744540445414099000 ) ) ;
#1974 = DIRECTION ( 'NONE',  ( 1.000000000000000000, 0.0000000000000000000, 0.0000000000000000000 ) ) ;
#1975 = DIRECTION ( 'NONE',  ( 0.0000000000000000000, 0.0000000000000000000, 1.000000000000000000 ) ) ;
#1976 = CARTESIAN_POINT ( 'NONE',  ( -0.5100000000000006800, -0.1999999999999999600, -0.3850000000000002900 ) ) ;
#1977 = AXIS2_PLACEMENT_3D ( 'NONE', #1976, #1975, #1974 ) ;
#1978 = CIRCLE ( 'NONE', #1977, 0.01000000000000003000 ) ;
#1979 = CARTESIAN_POINT ( 'NONE',  ( -0.5000000000000006700, -0.1999999999999999800, -0.3850000000000002900 ) ) ;
#1980 = DIRECTION ( 'NONE',  ( 5.463695987328525500E-016, 2.047772595865460500E-030, 1.000000000000000000 ) ) ;
#1981 = VECTOR ( 'NONE', #1980, 39.37007874015748100 ) ;
#1982 = CARTESIAN_POINT ( 'NONE',  ( 0.5000000000000004400, -0.2000000000000000100, -0.7350000000000003200 ) ) ;
#1983 = LINE ( 'NONE', #1982, #1981 ) ;
#1984 = DIRECTION ( 'NONE',  ( -1.000000000000000000, 0.0000000000000000000, 0.0000000000000000000 ) ) ;
#1985 = DIRECTION ( 'NONE',  ( 0.0000000000000000000, 0.0000000000000000000, -1.000000000000000000 ) ) ;
#1986 = CARTESIAN_POINT ( 'NONE',  ( 0.5100000000000006800, -0.1999999999999999600, -0.5850000000000003000 ) ) ;
#1987 = AXIS2_PLACEMENT_3D ( 'NONE', #1986, #1985, #1984 ) ;
#1988 = CIRCLE ( 'NONE', #1987, 0.009999999999999962000 ) ;
#1989 = CARTESIAN_POINT ( 'NONE',  ( -0.3074999570517618600, -0.08226748216640605800, -0.3744540445414099000 ) ) ;
#1990 = CARTESIAN_POINT ( 'NONE',  ( -0.2459999141035242000, -0.08226748216640605800, -0.4369460447165893800 ) ) ;
#1991 = DIRECTION ( 'NONE',  ( 0.0000000000000000000, 0.0000000000000000000, 1.000000000000000000 ) ) ;
#1992 = DIRECTION ( 'NONE',  ( -0.0000000000000000000, -1.000000000000000000, -0.0000000000000000000 ) ) ;
#1993 = AXIS2_PLACEMENT_3D ( 'NONE', #1998, #1992, #1991 ) ;
#1994 = CIRCLE ( 'NONE', #1993, 0.06250000000000001400 ) ;
#1995 = DIRECTION ( 'NONE',  ( 0.0000000000000000000, -0.0000000000000000000, -1.000000000000000000 ) ) ;
#1996 = DIRECTION ( 'NONE',  ( 0.0000000000000000000, -1.000000000000000000, 0.0000000000000000000 ) ) ;
#1997 = CARTESIAN_POINT ( 'NONE',  ( -0.3689999999999994400, -0.08226748216640605800, -0.4494460447165893900 ) ) ;
#1998 = CARTESIAN_POINT ( 'NONE',  ( -0.3084999141035242300, -0.08226748216640605800, -0.4369460447165893800 ) ) ;
#1999 = AXIS2_PLACEMENT_3D ( 'NONE', #1997, #1996, #1995 ) ;
#2000 = PLANE ( 'NONE',  #1999 ) ;
#2001 = DIRECTION ( 'NONE',  ( -1.000000000000000000, 2.200840195173770500E-016, 0.0000000000000000000 ) ) ;
#2002 = DIRECTION ( 'NONE',  ( 2.200840195173770500E-016, 1.000000000000000000, -1.707404996040162300E-016 ) ) ;
#2003 = CARTESIAN_POINT ( 'NONE',  ( -0.5000000000000007800, -0.2099999999999999400, -0.3850000000000002900 ) ) ;
#2004 = FACE_OUTER_BOUND ( 'NONE', #512, .T. ) ;
#2005 = AXIS2_PLACEMENT_3D ( 'NONE', #2003, #2002, #2001 ) ;
#2006 = PLANE ( 'NONE',  #2005 ) ;
#2007 = FACE_BOUND ( 'NONE', #442, .T. ) ;
#2008 = FACE_OUTER_BOUND ( 'NONE', #565, .T. ) ;
#2009 = CARTESIAN_POINT ( 'NONE',  ( -0.5100000000000006800, -0.2099999999999999900, -0.5850000000000003000 ) ) ;
#2010 = DIRECTION ( 'NONE',  ( -0.0000000000000000000, -0.0000000000000000000, -1.000000000000000000 ) ) ;
#2011 = VECTOR ( 'NONE', #2010, 39.37007874015748100 ) ;
#2012 = CARTESIAN_POINT ( 'NONE',  ( -0.5100000000000006800, -0.2099999999999999900, -0.3850000000000002900 ) ) ;
#2013 = DIRECTION ( 'NONE',  ( 0.7071067811865398000, 0.0000000000000000000, -0.7071067811865552300 ) ) ;
#2014 = DIRECTION ( 'NONE',  ( 0.7071067811865552300, -6.062615152153030100E-017, 0.7071067811865398000 ) ) ;
#2015 = LINE ( 'NONE', #2012, #2011 ) ;
#2016 = CARTESIAN_POINT ( 'NONE',  ( -0.6990000000000006200, -0.2199999999999999200, -0.5411593795664341200 ) ) ;
#2017 = AXIS2_PLACEMENT_3D ( 'NONE', #2016, #2014, #2013 ) ;
#2018 = FACE_OUTER_BOUND ( 'NONE', #410, .T. ) ;
#2019 = DIRECTION ( 'NONE',  ( 2.564788253202460200E-016, 1.000000000000000000, 0.0000000000000000000 ) ) ;
#2020 = DIRECTION ( 'NONE',  ( 1.000000000000000000, -2.564788253202460200E-016, 0.0000000000000000000 ) ) ;
#2021 = PLANE ( 'NONE',  #2017 ) ;
#2022 = PLANE ( 'NONE',  #2024 ) ;
#2023 = CARTESIAN_POINT ( 'NONE',  ( -0.6990000000000006200, -0.2199999999999999200, -0.5411593795664341200 ) ) ;
#2024 = AXIS2_PLACEMENT_3D ( 'NONE', #2023, #2020, #2019 ) ;
#2025 = FACE_OUTER_BOUND ( 'NONE', #480, .T. ) ;
#2026 = DIRECTION ( 'NONE',  ( 2.564788253202460200E-016, 1.000000000000000000, 0.0000000000000000000 ) ) ;
#2027 = VECTOR ( 'NONE', #2026, 39.37007874015748100 ) ;
#2028 = CARTESIAN_POINT ( 'NONE',  ( -0.6990000000000006200, -0.2199999999999999200, -0.5411593795664341200 ) ) ;
#2029 = LINE ( 'NONE', #2028, #2027 ) ;
#2030 = CARTESIAN_POINT ( 'NONE',  ( -0.6990000000000006200, -0.2199999999999999200, -0.5411593795664341200 ) ) ;
#2031 = DIRECTION ( 'NONE',  ( -0.7071067811865402500, 0.0000000000000000000, 0.7071067811865545700 ) ) ;
#2032 = VECTOR ( 'NONE', #2031, 39.37007874015748900 ) ;
#2033 = CARTESIAN_POINT ( 'NONE',  ( -0.6551593795664351100, -0.2199999999999999500, -0.5850000000000006300 ) ) ;
#2034 = LINE ( 'NONE', #2033, #2032 ) ;
#2035 = CARTESIAN_POINT ( 'NONE',  ( -0.6551593795664352200, -0.2199999999999999200, -0.5850000000000004100 ) ) ;
#2036 = DIRECTION ( 'NONE',  ( 4.286916285811766600E-017, 1.000000000000000000, 4.286916285811673600E-017 ) ) ;
#2037 = VECTOR ( 'NONE', #2036, 39.37007874015748100 ) ;
#2038 = CARTESIAN_POINT ( 'NONE',  ( -0.6551593795664351100, -0.2199999999999999200, -0.5850000000000006300 ) ) ;
#2039 = LINE ( 'NONE', #2038, #2037 ) ;
#2040 = DIRECTION ( 'NONE',  ( 4.286916285811766600E-017, -1.000000000000000000, -4.286916285811673600E-017 ) ) ;
#2041 = VECTOR ( 'NONE', #2040, 39.37007874015748100 ) ;
#2042 = CARTESIAN_POINT ( 'NONE',  ( 0.6990000000000006200, -0.2199999999999999200, -0.5411593795664341200 ) ) ;
#2043 = DIRECTION ( 'NONE',  ( 0.7071067811865381400, 0.0000000000000000000, -0.7071067811865569000 ) ) ;
#2044 = DIRECTION ( 'NONE',  ( 0.7071067811865569000, 3.020896817078857400E-016, 0.7071067811865381400 ) ) ;
#2045 = LINE ( 'NONE', #2042, #2041 ) ;
#2046 = CARTESIAN_POINT ( 'NONE',  ( 0.6990000000000006200, -0.2199999999999999200, -0.4288406204335669100 ) ) ;
#2047 = AXIS2_PLACEMENT_3D ( 'NONE', #2046, #2044, #2043 ) ;
#2048 = DIRECTION ( 'NONE',  ( -1.000000000000000000, 0.0000000000000000000, 0.0000000000000000000 ) ) ;
#2049 = DIRECTION ( 'NONE',  ( -2.564788253202460200E-016, 1.000000000000000000, -1.707404996040162300E-016 ) ) ;
#2050 = CARTESIAN_POINT ( 'NONE',  ( 0.5995683169999622700, -0.2199999999999999500, -0.4850000000000004300 ) ) ;
#2051 = AXIS2_PLACEMENT_3D ( 'NONE', #2050, #2049, #2048 ) ;
#2052 = CYLINDRICAL_SURFACE ( 'NONE', #2051, 0.04650000000000010400 ) ;
#2053 = PLANE ( 'NONE',  #2047 ) ;
#2054 = FACE_OUTER_BOUND ( 'NONE', #310, .T. ) ;
#2055 = FACE_OUTER_BOUND ( 'NONE', #517, .T. ) ;
#2056 = DIRECTION ( 'NONE',  ( -0.7071067811865381400, -0.0000000000000000000, 0.7071067811865569000 ) ) ;
#2057 = VECTOR ( 'NONE', #2056, 39.37007874015748100 ) ;
#2058 = CARTESIAN_POINT ( 'NONE',  ( 0.6990000000000006200, -0.2099999999999999100, -0.4288406204335669100 ) ) ;
#2059 = LINE ( 'NONE', #2058, #2057 ) ;
#2060 = DIRECTION ( 'NONE',  ( -1.000000000000000000, 0.0000000000000000000, 0.0000000000000000000 ) ) ;
#2061 = DIRECTION ( 'NONE',  ( 2.564788253202460200E-016, -1.000000000000000000, 1.707404996040162300E-016 ) ) ;
#2062 = CARTESIAN_POINT ( 'NONE',  ( 0.5995683169999622700, -0.2099999999999999400, -0.4850000000000004300 ) ) ;
#2063 = AXIS2_PLACEMENT_3D ( 'NONE', #2062, #2061, #2060 ) ;
#2064 = DIRECTION ( 'NONE',  ( 1.000000000000000000, 0.0000000000000000000, 0.0000000000000000000 ) ) ;
#2065 = DIRECTION ( 'NONE',  ( 0.0000000000000000000, 0.0000000000000000000, 1.000000000000000000 ) ) ;
#2066 = AXIS2_PLACEMENT_3D ( 'NONE', #2068, #2065, #2064 ) ;
#2067 = CIRCLE ( 'NONE', #2063, 0.04650000000000010400 ) ;
#2068 = CARTESIAN_POINT ( 'NONE',  ( -0.5100000000000006800, -0.1999999999999999600, -0.3850000000000002900 ) ) ;
#2069 = CYLINDRICAL_SURFACE ( 'NONE', #2066, 0.01000000000000003000 ) ;
#2070 = FACE_OUTER_BOUND ( 'NONE', #384, .T. ) ;
#2071 = DIRECTION ( 'NONE',  ( 0.0000000000000000000, 1.000000000000000000, 0.0000000000000000000 ) ) ;
#2072 = VECTOR ( 'NONE', #2071, 39.37007874015748100 ) ;
#2073 = CARTESIAN_POINT ( 'NONE',  ( -0.3074999570517619200, -0.09226748216640605300, -0.3744540445414099000 ) ) ;
#2074 = LINE ( 'NONE', #2073, #2072 ) ;
#2075 = DIRECTION ( 'NONE',  ( 0.0000000000000000000, 0.0000000000000000000, 1.000000000000000000 ) ) ;
#2076 = DIRECTION ( 'NONE',  ( 0.0000000000000000000, 1.000000000000000000, 0.0000000000000000000 ) ) ;
#2077 = CARTESIAN_POINT ( 'NONE',  ( -0.3084999141035242300, -0.09226748216640605300, -0.4369460447165893800 ) ) ;
#2078 = AXIS2_PLACEMENT_3D ( 'NONE', #2077, #2076, #2075 ) ;
#2079 = CYLINDRICAL_SURFACE ( 'NONE', #2078, 0.06250000000000001400 ) ;
#2080 =( GEOMETRIC_REPRESENTATION_CONTEXT ( 3 ) GLOBAL_UNCERTAINTY_ASSIGNED_CONTEXT ( ( #2081 ) ) GLOBAL_UNIT_ASSIGNED_CONTEXT ( ( #2084, #2083, #2082 ) ) REPRESENTATION_CONTEXT ( 'NONE', 'WORKASPACE' ) );
#2081 = UNCERTAINTY_MEASURE_WITH_UNIT (LENGTH_MEASURE( 1.000000000000000100E-005 ), #2084, 'distance_accuracy_value', 'NONE');
#2082 =( NAMED_UNIT ( * ) SI_UNIT ( $, .STERADIAN. ) SOLID_ANGLE_UNIT ( ) );
#2083 =( NAMED_UNIT ( * ) PLANE_ANGLE_UNIT ( ) SI_UNIT ( $, .RADIAN. ) );
#2084 =( CONVERSION_BASED_UNIT ( 'INCH', #2085 ) LENGTH_UNIT ( ) NAMED_UNIT ( #2086 ) );
#2085 = LENGTH_MEASURE_WITH_UNIT ( LENGTH_MEASURE( 0.02539999999999999900 ), #2087 );
#2086 = DIMENSIONAL_EXPONENTS ( 1.000000000000000000, 0.0000000000000000000, 0.0000000000000000000, 0.0000000000000000000, 0.0000000000000000000, 0.0000000000000000000, 0.0000000000000000000 ) ;
#2087 =( LENGTH_UNIT ( ) NAMED_UNIT ( * ) SI_UNIT ( $, .METRE. ) );
#2088 = MECHANICAL_DESIGN_GEOMETRIC_PRESENTATION_REPRESENTATION (  '', ( #2090 ), #2080 ) ;
#2089 = PRESENTATION_LAYER_ASSIGNMENT (  '', '', ( #2090 ) ) ;
#2090 = STYLED_ITEM ( 'NONE', ( #2091 ), #452 ) ;
#2091 = PRESENTATION_STYLE_ASSIGNMENT (( #2092 ) ) ;
#2092 = SURFACE_STYLE_USAGE ( .BOTH. , #2093 ) ;
#2093 = SURFACE_SIDE_STYLE ('',( #2094 ) ) ;
#2094 = SURFACE_STYLE_FILL_AREA ( #2095 ) ;
#2095 = FILL_AREA_STYLE ('',( #2102 ) ) ;
#2096 = COLOUR_RGB ( '',0.8274509803921568100, 0.8392156862745098200, 0.8274509803921568100 ) ;
#2097 = FACE_OUTER_BOUND ( 'NONE', #453, .T. ) ;
#2098 = DIRECTION ( 'NONE',  ( 0.0000000000000000000, 0.0000000000000000000, 1.000000000000000000 ) ) ;
#2099 = DIRECTION ( 'NONE',  ( -0.0000000000000000000, -1.000000000000000000, -0.0000000000000000000 ) ) ;
#2100 = AXIS2_PLACEMENT_3D ( 'NONE', #1894, #2099, #2098 ) ;
#2101 = CIRCLE ( 'NONE', #2100, 0.06250000000000001400 ) ;
#2102 = FILL_AREA_STYLE_COLOUR ( '', #2096 ) ;
#2103 = DIRECTION ( 'NONE',  ( 0.0000000000000000000, 0.0000000000000000000, 1.000000000000000000 ) ) ;
#2104 = DIRECTION ( 'NONE',  ( -0.0000000000000000000, -1.000000000000000000, -0.0000000000000000000 ) ) ;
#2105 = CARTESIAN_POINT ( 'NONE',  ( -0.3064999999999994400, -0.09226748216640605300, -0.4369460447165893800 ) ) ;
#2106 = AXIS2_PLACEMENT_3D ( 'NONE', #2105, #2104, #2103 ) ;
#2107 = CIRCLE ( 'NONE', #2106, 0.06250000000000001400 ) ;
#2108 = CARTESIAN_POINT ( 'NONE',  ( 0.002999999999999974500, 0.006999999999999999300, -0.09799999999999999000 ) ) ;
#2109 = CARTESIAN_POINT ( 'NONE',  ( 0.07500000000000002500, 0.006999999999999999300, -0.09199999999999999800 ) ) ;
#2110 = CARTESIAN_POINT ( 'NONE',  ( 0.1490000000000000500, -0.1899999999999999500, 0.02000000000000020900 ) ) ;
#2111 = DIRECTION ( 'NONE',  ( -1.000000000000000000, -0.0000000000000000000, -0.0000000000000000000 ) ) ;
#2112 = VECTOR ( 'NONE', #2111, 39.37007874015748100 ) ;
#2113 = CARTESIAN_POINT ( 'NONE',  ( -0.1489999999999999700, -0.1899999999999999500, 0.02000000000000062800 ) ) ;
#2114 = LINE ( 'NONE', #2113, #2112 ) ;
#2115 = CARTESIAN_POINT ( 'NONE',  ( -0.1489999999999999900, -0.009999999999999965500, 0.02000000000000031600 ) ) ;
#2116 = CARTESIAN_POINT ( 'NONE',  ( -0.1489999999999999700, -0.1899999999999999500, 0.02000000000000062800 ) ) ;
#2117 = DIRECTION ( 'NONE',  ( -1.797268416884383800E-016, 1.000000000000000000, -0.0000000000000000000 ) ) ;
#2118 = VECTOR ( 'NONE', #2117, 39.37007874015748100 ) ;
#2119 = CARTESIAN_POINT ( 'NONE',  ( -0.1489999999999999900, 3.491483361109382400E-017, 0.02000000000000062800 ) ) ;
#2120 = LINE ( 'NONE', #2119, #2118 ) ;
#2121 = DIRECTION ( 'NONE',  ( 0.0000000000000000000, -1.000000000000000000, 3.491483361109382900E-015 ) ) ;
#2122 = DIRECTION ( 'NONE',  ( -0.0000000000000000000, 3.491483361109382900E-015, 1.000000000000000000 ) ) ;
#2123 = CARTESIAN_POINT ( 'NONE',  ( -0.1489999999999999900, 3.491483361109382400E-017, 0.01999999999999996600 ) ) ;
#2124 = AXIS2_PLACEMENT_3D ( 'NONE', #2123, #2122, #2121 ) ;
#2125 = PLANE ( 'NONE',  #2124 ) ;
#2126 = FACE_OUTER_BOUND ( 'NONE', #704, .T. ) ;
#2127 = CARTESIAN_POINT ( 'NONE',  ( -0.5000000000000005600, -0.1639999999999999500, -0.3850000000000002900 ) ) ;
#2128 = DIRECTION ( 'NONE',  ( -1.000000000000000000, 2.200840195173770500E-016, 0.0000000000000000000 ) ) ;
#2129 = DIRECTION ( 'NONE',  ( 2.200840195173770500E-016, 1.000000000000000000, -1.707404996040162300E-016 ) ) ;
#2130 = DIRECTION ( 'NONE',  ( -1.000000000000000000, 0.0000000000000000000, 0.0000000000000000000 ) ) ;
#2131 = DIRECTION ( 'NONE',  ( 2.564788253202460200E-016, -1.000000000000000000, 1.707404996040162300E-016 ) ) ;
#2132 = CARTESIAN_POINT ( 'NONE',  ( 0.6551593795664353300, -0.2199999999999999200, -0.3850000000000003400 ) ) ;
#2133 = CARTESIAN_POINT ( 'NONE',  ( 0.6990000000000006200, -0.2099999999999999400, -0.4288406204335668500 ) ) ;
#2134 = CARTESIAN_POINT ( 'NONE',  ( 0.6990000000000006200, -0.2199999999999999200, -0.4288406204335668500 ) ) ;
#2135 = DIRECTION ( 'NONE',  ( 0.7071067811865382500, 0.0000000000000000000, -0.7071067811865569000 ) ) ;
#2136 = VECTOR ( 'NONE', #2135, 39.37007874015748100 ) ;
#2137 = CARTESIAN_POINT ( 'NONE',  ( 0.6551593795664353300, -0.2199999999999999200, -0.3850000000000004500 ) ) ;
#2138 = LINE ( 'NONE', #2137, #2136 ) ;
#2139 = FACE_OUTER_BOUND ( 'NONE', #677, .T. ) ;
#2140 = DIRECTION ( 'NONE',  ( -0.0000000000000000000, 0.0000000000000000000, 1.000000000000000000 ) ) ;
#2141 = VECTOR ( 'NONE', #2140, 39.37007874015748100 ) ;
#2142 = CARTESIAN_POINT ( 'NONE',  ( -0.2459999141035242300, -0.09226748216640605300, -0.4494460447165893900 ) ) ;
#2143 = DIRECTION ( 'NONE',  ( 1.000000000000000000, 0.0000000000000000000, 0.0000000000000000000 ) ) ;
#2144 = LINE ( 'NONE', #2142, #2141 ) ;
#2145 = DIRECTION ( 'NONE',  ( 1.000000000000000000, 5.676550095651120800E-017, 0.0000000000000000000 ) ) ;
#2146 = VECTOR ( 'NONE', #2145, 39.37007874015748100 ) ;
#2147 = CARTESIAN_POINT ( 'NONE',  ( -0.2459999141035242900, 0.009510565162951624800, -0.7319098300562505400 ) ) ;
#2148 = LINE ( 'NONE', #2147, #2146 ) ;
#2149 = DIRECTION ( 'NONE',  ( -0.0000000000000000000, 1.067128122525099800E-016, -1.000000000000000000 ) ) ;
#2150 = VECTOR ( 'NONE', #2149, 39.37007874015748100 ) ;
#2151 = CARTESIAN_POINT ( 'NONE',  ( 0.4999999999999997800, -0.009999999999999989800, -0.2350000000000002400 ) ) ;
#2152 = LINE ( 'NONE', #2151, #2150 ) ;
#2153 = DIRECTION ( 'NONE',  ( 0.0000000000000000000, -0.0000000000000000000, -1.000000000000000000 ) ) ;
#2154 = VECTOR ( 'NONE', #2153, 39.37007874015748100 ) ;
#2155 = CARTESIAN_POINT ( 'NONE',  ( -0.3689999999999994400, -0.09226748216640605300, -0.4494460447165893900 ) ) ;
#2156 = LINE ( 'NONE', #2155, #2154 ) ;
#2157 = DIRECTION ( 'NONE',  ( 1.118840691499144200E-045, 1.000000000000000000, -2.047772595865461900E-030 ) ) ;
#2158 = VECTOR ( 'NONE', #2157, 39.37007874015748100 ) ;
#2159 = CARTESIAN_POINT ( 'NONE',  ( -0.5000000000000005600, 3.491483361109382400E-017, -0.2350000000000002400 ) ) ;
#2160 = LINE ( 'NONE', #2159, #2158 ) ;
#2161 = DIRECTION ( 'NONE',  ( 7.948501512465575500E-031, 2.276539994720187300E-016, 1.000000000000000000 ) ) ;
#2162 = VECTOR ( 'NONE', #2161, 39.37007874015748100 ) ;
#2163 = CARTESIAN_POINT ( 'NONE',  ( -0.5000000000000005600, -0.1639999999999999800, -0.3850000000000002900 ) ) ;
#2164 = LINE ( 'NONE', #2163, #2162 ) ;
#2165 = PLANE ( 'NONE',  #2167 ) ;
#2166 = CARTESIAN_POINT ( 'NONE',  ( -0.5000000000000007800, -0.2199999999999999500, -0.3850000000000002900 ) ) ;
#2167 = AXIS2_PLACEMENT_3D ( 'NONE', #2166, #2129, #2128 ) ;
#2168 = FACE_BOUND ( 'NONE', #326, .T. ) ;
#2169 = FACE_OUTER_BOUND ( 'NONE', #360, .T. ) ;
#2170 = DIRECTION ( 'NONE',  ( 1.132653539542343100E-045, 1.000000000000000000, -2.073053739024293800E-030 ) ) ;
#2171 = VECTOR ( 'NONE', #2170, 39.37007874015748100 ) ;
#2172 = CARTESIAN_POINT ( 'NONE',  ( -0.5000000000000006700, -0.1999999999999999800, -0.3850000000000002900 ) ) ;
#2173 = LINE ( 'NONE', #2172, #2171 ) ;
#2174 = DIRECTION ( 'NONE',  ( 5.463695987328525500E-016, 2.047772595865460500E-030, 1.000000000000000000 ) ) ;
#2175 = VECTOR ( 'NONE', #2174, 39.37007874015748100 ) ;
#2176 = CARTESIAN_POINT ( 'NONE',  ( 0.4900000000000004400, -0.2000000000000000900, -0.7350000000000003200 ) ) ;
#2177 = LINE ( 'NONE', #2176, #2175 ) ;
#2178 = CARTESIAN_POINT ( 'NONE',  ( 0.4900000000000006600, -0.2000000000000000400, -0.3850000000000002900 ) ) ;
#2179 = DIRECTION ( 'NONE',  ( -1.000000000000000000, 0.0000000000000000000, 0.0000000000000000000 ) ) ;
#2180 = DIRECTION ( 'NONE',  ( 0.0000000000000000000, 0.0000000000000000000, -1.000000000000000000 ) ) ;
#2181 = CARTESIAN_POINT ( 'NONE',  ( 0.5100000000000006800, -0.1999999999999999600, -0.3850000000000002900 ) ) ;
#2182 = AXIS2_PLACEMENT_3D ( 'NONE', #2181, #2180, #2179 ) ;
#2183 = CIRCLE ( 'NONE', #2182, 0.01999999999999999000 ) ;
#2184 = DIRECTION ( 'NONE',  ( -1.000000000000000000, 0.0000000000000000000, 0.0000000000000000000 ) ) ;
#2185 = DIRECTION ( 'NONE',  ( 0.0000000000000000000, 0.0000000000000000000, -1.000000000000000000 ) ) ;
#2186 = CARTESIAN_POINT ( 'NONE',  ( 0.5100000000000006800, -0.1999999999999999600, -0.5850000000000003000 ) ) ;
#2187 = AXIS2_PLACEMENT_3D ( 'NONE', #2186, #2185, #2184 ) ;
#2188 = CYLINDRICAL_SURFACE ( 'NONE', #2187, 0.01999999999999999000 ) ;
#2189 = FACE_OUTER_BOUND ( 'NONE', #648, .T. ) ;
#2190 = CARTESIAN_POINT ( 'NONE',  ( -0.003000000000000032600, 0.006999999999999999300, -0.1699999999999999800 ) ) ;
#2191 = CARTESIAN_POINT ( 'NONE',  ( 0.5000000000000005600, -0.1639999999999999800, -0.3850000000000002900 ) ) ;
#2192 = CARTESIAN_POINT ( 'NONE',  ( -0.4900000000000006000, -0.1639999999999999800, -0.2350000000000002400 ) ) ;
#2193 = DIRECTION ( 'NONE',  ( 1.000000000000000000, -3.491483361109382900E-015, -0.0000000000000000000 ) ) ;
#2194 = VECTOR ( 'NONE', #2193, 39.37007874015748100 ) ;
#2195 = LINE ( 'NONE', #2199, #2194 ) ;
#2196 = DIRECTION ( 'NONE',  ( -1.000000000000000000, 3.491483361109382900E-015, 0.0000000000000000000 ) ) ;
#2197 = DIRECTION ( 'NONE',  ( 3.491483361109382900E-015, 1.000000000000000000, -2.276539994720187300E-016 ) ) ;
#2198 = CARTESIAN_POINT ( 'NONE',  ( -0.5000000000000004400, -0.1639999999999999800, -0.3850000000000002900 ) ) ;
#2199 = CARTESIAN_POINT ( 'NONE',  ( -0.5000000000000004400, -0.1639999999999999500, -0.2350000000000002400 ) ) ;
#2200 = AXIS2_PLACEMENT_3D ( 'NONE', #2198, #2197, #2196 ) ;
#2201 = PLANE ( 'NONE',  #2200 ) ;
#2202 = FACE_OUTER_BOUND ( 'NONE', #631, .T. ) ;
#2203 = DIRECTION ( 'NONE',  ( -6.275132772999227100E-031, -1.127809794466763500E-046, -1.000000000000000000 ) ) ;
#2204 = VECTOR ( 'NONE', #2203, 39.37007874015748100 ) ;
#2205 = CARTESIAN_POINT ( 'NONE',  ( 0.1490000000000000500, -0.1899999999999999500, 0.02000000000000063200 ) ) ;
#2206 = LINE ( 'NONE', #2205, #2204 ) ;
#2207 = CARTESIAN_POINT ( 'NONE',  ( 0.1490000000000000500, -0.1899999999999999500, 0.01000000000000063000 ) ) ;
#2208 = DIRECTION ( 'NONE',  ( 1.000000000000000000, 0.0000000000000000000, 0.0000000000000000000 ) ) ;
#2209 = VECTOR ( 'NONE', #2208, 39.37007874015748100 ) ;
#2210 = CARTESIAN_POINT ( 'NONE',  ( -0.1489999999999999900, -0.1899999999999999700, 0.01000000000000063000 ) ) ;
#2211 = LINE ( 'NONE', #2210, #2209 ) ;
#2212 = CARTESIAN_POINT ( 'NONE',  ( -0.5000000000000004400, -0.1639999999999999500, -0.2350000000000002400 ) ) ;
#2213 = CARTESIAN_POINT ( 'NONE',  ( -0.5000000000000001100, -0.1640000000000000100, -0.7350000000000003200 ) ) ;
#2214 = DIRECTION ( 'NONE',  ( -7.948501512465575500E-031, 2.276539994720187300E-016, 1.000000000000000000 ) ) ;
#2215 = VECTOR ( 'NONE', #2214, 39.37007874015748100 ) ;
#2216 = CARTESIAN_POINT ( 'NONE',  ( 0.5000000000000005600, -0.1639999999999999800, -0.3850000000000002900 ) ) ;
#2217 = LINE ( 'NONE', #2216, #2215 ) ;
#2218 = DIRECTION ( 'NONE',  ( -5.187428373385915200E-017, 0.0000000000000000000, -1.000000000000000000 ) ) ;
#2219 = VECTOR ( 'NONE', #2218, 39.37007874015748100 ) ;
#2220 = CARTESIAN_POINT ( 'NONE',  ( 0.002999999999999969700, 0.006999999999999999300, -0.1699999999999999800 ) ) ;
#2221 = LINE ( 'NONE', #2220, #2219 ) ;
#2222 = CARTESIAN_POINT ( 'NONE',  ( 0.5000000000000004400, -0.1640000000000000100, -0.5850000000000003000 ) ) ;
#2223 = DIRECTION ( 'NONE',  ( 1.132653539542343100E-045, -1.000000000000000000, 2.073053739024293800E-030 ) ) ;
#2224 = VECTOR ( 'NONE', #2223, 39.37007874015748100 ) ;
#2225 = CARTESIAN_POINT ( 'NONE',  ( 0.5000000000000004400, -0.2000000000000000100, -0.5850000000000003000 ) ) ;
#2226 = DIRECTION ( 'NONE',  ( -1.132653539542343100E-045, -1.000000000000000000, 2.073053739024293800E-030 ) ) ;
#2227 = VECTOR ( 'NONE', #2226, 39.37007874015748100 ) ;
#2228 = CARTESIAN_POINT ( 'NONE',  ( -0.5000000000000004400, -0.2000000000000000100, -0.5850000000000003000 ) ) ;
#2229 = LINE ( 'NONE', #2228, #2227 ) ;
#2230 = LINE ( 'NONE', #2225, #2224 ) ;
#2231 = CARTESIAN_POINT ( 'NONE',  ( 0.3689999999999994400, -0.08226748216640605800, -0.4369460447165893800 ) ) ;
#2232 = DIRECTION ( 'NONE',  ( 1.000000000000000000, 0.0000000000000000000, -0.0000000000000000000 ) ) ;
#2233 = VECTOR ( 'NONE', #2232, 39.37007874015748100 ) ;
#2234 = CARTESIAN_POINT ( 'NONE',  ( 0.07500000000000001100, 0.006999999999999999300, -0.09199999999999999800 ) ) ;
#2235 = LINE ( 'NONE', #2234, #2233 ) ;
#2236 = DIRECTION ( 'NONE',  ( -0.0000000000000000000, 0.0000000000000000000, -1.000000000000000000 ) ) ;
#2237 = VECTOR ( 'NONE', #2236, 39.37007874015748100 ) ;
#2238 = CARTESIAN_POINT ( 'NONE',  ( 0.07500000000000002500, 0.006999999999999999300, -0.09199999999999999800 ) ) ;
#2239 = LINE ( 'NONE', #2238, #2237 ) ;
#2240 = CARTESIAN_POINT ( 'NONE',  ( -0.5000000000000002200, -0.009999999999999962000, -0.2350000000000002400 ) ) ;
#2241 = DIRECTION ( 'NONE',  ( -1.000000000000000000, 0.0000000000000000000, 4.742791655667121900E-016 ) ) ;
#2242 = VECTOR ( 'NONE', #2241, 39.37007874015748100 ) ;
#2243 = CARTESIAN_POINT ( 'NONE',  ( 0.07500000000000001100, 0.006999999999999999300, -0.09800000000000001800 ) ) ;
#2244 = DIRECTION ( 'NONE',  ( 3.747962186429628000E-015, -1.000000000000000000, 0.0000000000000000000 ) ) ;
#2245 = DIRECTION ( 'NONE',  ( -1.000000000000000000, -3.747962186429628000E-015, 5.463695987328525500E-016 ) ) ;
#2246 = CARTESIAN_POINT ( 'NONE',  ( 0.4999999999999997200, 3.491483361109382400E-017, -0.7350000000000003200 ) ) ;
#2247 = AXIS2_PLACEMENT_3D ( 'NONE', #2246, #2245, #2244 ) ;
#2248 = PLANE ( 'NONE',  #2247 ) ;
#2249 = LINE ( 'NONE', #2243, #2242 ) ;
#2250 = FACE_OUTER_BOUND ( 'NONE', #609, .T. ) ;
#2251 = DIRECTION ( 'NONE',  ( -0.0000000000000000000, -0.0000000000000000000, 1.000000000000000000 ) ) ;
#2252 = VECTOR ( 'NONE', #2251, 39.37007874015748100 ) ;
#2253 = CARTESIAN_POINT ( 'NONE',  ( -0.5000000000000001100, -0.01000000000000000000, -0.7350000000000003200 ) ) ;
#2254 = LINE ( 'NONE', #2253, #2252 ) ;
#2255 = DIRECTION ( 'NONE',  ( -1.000000000000000000, 0.0000000000000000000, -0.0000000000000000000 ) ) ;
#2256 = VECTOR ( 'NONE', #2255, 39.37007874015748100 ) ;
#2257 = DIRECTION ( 'NONE',  ( 0.0000000000000000000, -0.0000000000000000000, -1.000000000000000000 ) ) ;
#2258 = DIRECTION ( 'NONE',  ( 0.0000000000000000000, -1.000000000000000000, 0.0000000000000000000 ) ) ;
#2259 = CARTESIAN_POINT ( 'NONE',  ( -0.3689999999999994400, -0.09226748216640605300, -0.4494460447165893900 ) ) ;
#2260 = AXIS2_PLACEMENT_3D ( 'NONE', #2259, #2258, #2257 ) ;
#2261 = PLANE ( 'NONE',  #2260 ) ;
#2262 = CARTESIAN_POINT ( 'NONE',  ( -0.003000000000000031300, 0.006999999999999999300, -0.1699999999999999800 ) ) ;
#2263 = LINE ( 'NONE', #2262, #2256 ) ;
#2264 = FACE_OUTER_BOUND ( 'NONE', #603, .T. ) ;
#2265 = DIRECTION ( 'NONE',  ( -1.149767674101121000E-016, 0.3090169943749416200, -0.9510565162951555300 ) ) ;
#2266 = VECTOR ( 'NONE', #2265, 39.37007874015748100 ) ;
#2267 = CARTESIAN_POINT ( 'NONE',  ( -0.2459999141035242300, -0.08226748216640605800, -0.4494460447165893900 ) ) ;
#2268 = LINE ( 'NONE', #2267, #2266 ) ;
#2269 = DIRECTION ( 'NONE',  ( 2.299535348202241900E-016, -0.3090169943749416200, 0.9510565162951555300 ) ) ;
#2270 = VECTOR ( 'NONE', #2269, 39.37007874015748100 ) ;
#2271 = CARTESIAN_POINT ( 'NONE',  ( -0.3689999999999995500, 0.009510565162951593500, -0.7319098300562505400 ) ) ;
#2272 = LINE ( 'NONE', #2271, #2270 ) ;
#2273 = CARTESIAN_POINT ( 'NONE',  ( -0.2459999141035242300, -0.09226748216640604000, -0.4494460447165893900 ) ) ;
#2274 = DIRECTION ( 'NONE',  ( -1.000000000000000000, -0.0000000000000000000, -0.0000000000000000000 ) ) ;
#2275 = VECTOR ( 'NONE', #2274, 39.37007874015748100 ) ;
#2276 = CARTESIAN_POINT ( 'NONE',  ( -0.3689999999999994400, -0.09226748216640602600, -0.4494460447165893900 ) ) ;
#2277 = LINE ( 'NONE', #2276, #2275 ) ;
#2278 = CARTESIAN_POINT ( 'NONE',  ( -0.3689999999999994400, -0.09226748216640604000, -0.4494460447165893900 ) ) ;
#2279 = CARTESIAN_POINT ( 'NONE',  ( 0.4999999999999997800, -0.009999999999999970700, -0.7350000000000003200 ) ) ;
#2280 = CARTESIAN_POINT ( 'NONE',  ( -0.2459999141035242900, 0.009510565162951616100, -0.7319098300562505400 ) ) ;
#2281 = CARTESIAN_POINT ( 'NONE',  ( -0.3689999999999995500, 0.009510565162951603900, -0.7319098300562505400 ) ) ;
#2282 = CARTESIAN_POINT ( 'NONE',  ( -0.4900000000000004900, -0.1640000000000000100, -0.3850000000000002900 ) ) ;
#2283 = DIRECTION ( 'NONE',  ( 1.000000000000000000, -0.0000000000000000000, 5.463695987328525500E-016 ) ) ;
#2284 = VECTOR ( 'NONE', #2283, 39.37007874015748100 ) ;
#2285 = CARTESIAN_POINT ( 'NONE',  ( -0.5000000000000005600, -0.1639999999999999800, -0.3850000000000002900 ) ) ;
#2286 = DIRECTION ( 'NONE',  ( -0.7071067811865381400, 0.0000000000000000000, -0.7071067811865569000 ) ) ;
#2287 = DIRECTION ( 'NONE',  ( 0.7071067811865569000, -3.020896817078857400E-016, -0.7071067811865381400 ) ) ;
#2288 = LINE ( 'NONE', #2285, #2284 ) ;
#2289 = PLANE ( 'NONE',  #2319 ) ;
#2290 = FACE_BOUND ( 'NONE', #314, .T. ) ;
#2291 = FACE_OUTER_BOUND ( 'NONE', #520, .T. ) ;
#2292 = DIRECTION ( 'NONE',  ( 1.000000000000000000, -0.0000000000000000000, -1.760672156139016400E-015 ) ) ;
#2293 = VECTOR ( 'NONE', #2292, 39.37007874015748100 ) ;
#2294 = CARTESIAN_POINT ( 'NONE',  ( 0.5000000000000005600, -0.2099999999999999400, -0.5850000000000003000 ) ) ;
#2295 = LINE ( 'NONE', #2294, #2293 ) ;
#2296 = CARTESIAN_POINT ( 'NONE',  ( 0.6551593795664351100, -0.2099999999999999400, -0.5850000000000006300 ) ) ;
#2297 = PLANE ( 'NONE',  #2350 ) ;
#2298 = FACE_OUTER_BOUND ( 'NONE', #530, .T. ) ;
#2299 = DIRECTION ( 'NONE',  ( 3.757725544725701600E-032, -1.707404996040162300E-016, -1.000000000000000000 ) ) ;
#2300 = VECTOR ( 'NONE', #2299, 39.37007874015748100 ) ;
#2301 = CARTESIAN_POINT ( 'NONE',  ( 0.6990000000000006200, -0.2199999999999999200, -0.3850000000000002900 ) ) ;
#2302 = LINE ( 'NONE', #2301, #2300 ) ;
#2303 = CARTESIAN_POINT ( 'NONE',  ( -0.6990000000000006200, -0.2199999999999999200, -0.4288406204335668500 ) ) ;
#2304 = DIRECTION ( 'NONE',  ( 3.757725544725701600E-032, 1.707404996040162300E-016, 1.000000000000000000 ) ) ;
#2305 = VECTOR ( 'NONE', #2304, 39.37007874015748100 ) ;
#2306 = CARTESIAN_POINT ( 'NONE',  ( -0.6990000000000006200, -0.2199999999999999200, -0.3850000000000002900 ) ) ;
#2307 = LINE ( 'NONE', #2306, #2305 ) ;
#2308 = DIRECTION ( 'NONE',  ( 0.7071067811865381400, -0.0000000000000000000, 0.7071067811865569000 ) ) ;
#2309 = VECTOR ( 'NONE', #2308, 39.37007874015748100 ) ;
#2310 = CARTESIAN_POINT ( 'NONE',  ( -0.6990000000000006200, -0.2099999999999999100, -0.4288406204335669100 ) ) ;
#2311 = LINE ( 'NONE', #2310, #2309 ) ;
#2312 = DIRECTION ( 'NONE',  ( 0.0000000000000000000, 0.0000000000000000000, 1.000000000000000000 ) ) ;
#2313 = VECTOR ( 'NONE', #2312, 39.37007874015748100 ) ;
#2314 = CARTESIAN_POINT ( 'NONE',  ( 0.6990000000000006200, -0.2099999999999999400, -0.5411593795664341200 ) ) ;
#2315 = LINE ( 'NONE', #2314, #2313 ) ;
#2316 = DIRECTION ( 'NONE',  ( -1.000000000000000000, -2.200840195173770500E-016, 0.0000000000000000000 ) ) ;
#2317 = DIRECTION ( 'NONE',  ( -2.200840195173770500E-016, 1.000000000000000000, -1.707404996040162300E-016 ) ) ;
#2318 = CARTESIAN_POINT ( 'NONE',  ( 0.5000000000000007800, -0.2099999999999999400, -0.3850000000000002900 ) ) ;
#2319 = AXIS2_PLACEMENT_3D ( 'NONE', #2318, #2317, #2316 ) ;
#2320 = CARTESIAN_POINT ( 'NONE',  ( 0.5995683169999622700, -0.2199999999999999500, -0.4850000000000004300 ) ) ;
#2321 = AXIS2_PLACEMENT_3D ( 'NONE', #2320, #2131, #2130 ) ;
#2322 = CIRCLE ( 'NONE', #2321, 0.04650000000000010400 ) ;
#2323 = AXIS2_PLACEMENT_3D ( 'NONE', #2325, #2287, #2286 ) ;
#2324 = PLANE ( 'NONE',  #2323 ) ;
#2325 = CARTESIAN_POINT ( 'NONE',  ( -0.6990000000000006200, -0.2199999999999999200, -0.4288406204335669100 ) ) ;
#2326 = FACE_OUTER_BOUND ( 'NONE', #583, .T. ) ;
#2327 = DIRECTION ( 'NONE',  ( 2.136096624621345500E-016, -1.000000000000000000, 2.136096624621289000E-016 ) ) ;
#2328 = VECTOR ( 'NONE', #2327, 39.37007874015748100 ) ;
#2329 = CARTESIAN_POINT ( 'NONE',  ( 0.6551593795664353300, -0.2199999999999999200, -0.3850000000000004500 ) ) ;
#2330 = LINE ( 'NONE', #2329, #2328 ) ;
#2331 = CARTESIAN_POINT ( 'NONE',  ( 0.6990000000000006200, -0.2199999999999999200, -0.5411593795664341200 ) ) ;
#2332 = DIRECTION ( 'NONE',  ( -2.564788253202460200E-016, 1.000000000000000000, 0.0000000000000000000 ) ) ;
#2333 = DIRECTION ( 'NONE',  ( 1.000000000000000000, 2.564788253202460200E-016, -0.0000000000000000000 ) ) ;
#2334 = CARTESIAN_POINT ( 'NONE',  ( 0.6990000000000006200, -0.2199999999999999200, -0.5411593795664341200 ) ) ;
#2335 = AXIS2_PLACEMENT_3D ( 'NONE', #2334, #2333, #2332 ) ;
#2336 = PLANE ( 'NONE',  #2335 ) ;
#2337 = FACE_OUTER_BOUND ( 'NONE', #467, .T. ) ;
#2338 = DIRECTION ( 'NONE',  ( 2.254635326835422800E-031, 1.000000000000000000, -1.707404996040165500E-016 ) ) ;
#2339 = VECTOR ( 'NONE', #2338, 39.37007874015748100 ) ;
#2340 = CARTESIAN_POINT ( 'NONE',  ( -0.6551593795664353300, -0.2199999999999999200, -0.3850000000000004500 ) ) ;
#2341 = LINE ( 'NONE', #2340, #2339 ) ;
#2342 = CARTESIAN_POINT ( 'NONE',  ( -0.6551593795664353300, -0.2199999999999999200, -0.3850000000000004000 ) ) ;
#2343 = DIRECTION ( 'NONE',  ( 0.7071067811865375800, 0.0000000000000000000, 0.7071067811865574500 ) ) ;
#2344 = VECTOR ( 'NONE', #2343, 39.37007874015748100 ) ;
#2345 = CARTESIAN_POINT ( 'NONE',  ( -0.6990000000000006200, -0.2199999999999999200, -0.4288406204335669100 ) ) ;
#2346 = LINE ( 'NONE', #2345, #2344 ) ;
#2347 = DIRECTION ( 'NONE',  ( -0.7071067811865398000, 0.0000000000000000000, -0.7071067811865552300 ) ) ;
#2348 = DIRECTION ( 'NONE',  ( 0.7071067811865552300, 6.062615152153030100E-017, -0.7071067811865398000 ) ) ;
#2349 = CARTESIAN_POINT ( 'NONE',  ( 0.6990000000000006200, -0.2199999999999999200, -0.5411593795664341200 ) ) ;
#2350 = AXIS2_PLACEMENT_3D ( 'NONE', #2349, #2348, #2347 ) ;
#2351 = VECTOR ( 'NONE', #2404, 39.37007874015748100 ) ;
#2352 = CARTESIAN_POINT ( 'NONE',  ( 0.4999999999999997800, -0.1640000000000000100, -0.7350000000000003200 ) ) ;
#2353 = LINE ( 'NONE', #2352, #2351 ) ;
#2354 = DIRECTION ( 'NONE',  ( 0.0000000000000000000, -0.3090169943749415700, 0.9510565162951555300 ) ) ;
#2355 = DIRECTION ( 'NONE',  ( 1.797268416884383800E-016, -1.000000000000000000, -0.0000000000000000000 ) ) ;
#2356 = VECTOR ( 'NONE', #2355, 39.37007874015748100 ) ;
#2357 = CARTESIAN_POINT ( 'NONE',  ( 0.1490000000000000500, -0.1899999999999999500, 0.02000000000000000000 ) ) ;
#2358 = LINE ( 'NONE', #2357, #2356 ) ;
#2359 = DIRECTION ( 'NONE',  ( -0.0000000000000000000, 0.9510565162951555300, 0.3090169943749415700 ) ) ;
#2360 = AXIS2_PLACEMENT_3D ( 'NONE', #2430, #2429, #2428 ) ;
#2361 = PLANE ( 'NONE',  #2360 ) ;
#2362 = FACE_OUTER_BOUND ( 'NONE', #604, .T. ) ;
#2363 = DIRECTION ( 'NONE',  ( 1.000000000000000000, 0.0000000000000000000, 0.0000000000000000000 ) ) ;
#2364 = VECTOR ( 'NONE', #2363, 39.37007874015748100 ) ;
#2365 = CARTESIAN_POINT ( 'NONE',  ( -0.1489999999999999900, -0.009999999999999965500, 0.02000000000000000000 ) ) ;
#2366 = LINE ( 'NONE', #2365, #2364 ) ;
#2367 = VECTOR ( 'NONE', #2487, 39.37007874015748100 ) ;
#2368 = CARTESIAN_POINT ( 'NONE',  ( -0.003000000000000005300, 0.006999999999999999300, -0.09799999999999999000 ) ) ;
#2369 = LINE ( 'NONE', #2368, #2367 ) ;
#2370 = CARTESIAN_POINT ( 'NONE',  ( -0.07499999999999998300, 0.006999999999999999300, -0.09799999999999999000 ) ) ;
#2371 = CARTESIAN_POINT ( 'NONE',  ( 0.5000000000000001100, -0.1640000000000000100, -0.7350000000000003200 ) ) ;
#2372 = DIRECTION ( 'NONE',  ( 5.550412155305341200E-045, -1.589700302493137200E-030, 1.000000000000000000 ) ) ;
#2373 = VECTOR ( 'NONE', #2372, 39.37007874015748100 ) ;
#2374 = CARTESIAN_POINT ( 'NONE',  ( 0.5000000000000003300, -0.1640000000000000100, -0.5850000000000003000 ) ) ;
#2375 = LINE ( 'NONE', #2374, #2373 ) ;
#2376 = DIRECTION ( 'NONE',  ( 0.0000000000000000000, 1.814117808292674600E-015, 1.000000000000000000 ) ) ;
#2377 = DIRECTION ( 'NONE',  ( -1.000000000000000000, -3.491483361109382900E-015, -0.0000000000000000000 ) ) ;
#2378 = VECTOR ( 'NONE', #2377, 39.37007874015748100 ) ;
#2379 = CARTESIAN_POINT ( 'NONE',  ( 0.5000000000000004400, -0.1639999999999999500, -0.2350000000000002400 ) ) ;
#2380 = LINE ( 'NONE', #2379, #2378 ) ;
#2381 = DIRECTION ( 'NONE',  ( 0.0000000000000000000, -3.491483361109382900E-015, -1.000000000000000000 ) ) ;
#2382 = VECTOR ( 'NONE', #2381, 39.37007874015748100 ) ;
#2383 = CARTESIAN_POINT ( 'NONE',  ( -0.1489999999999999700, -0.1899999999999999500, 0.02000000000000063200 ) ) ;
#2384 = LINE ( 'NONE', #2383, #2382 ) ;
#2385 = DIRECTION ( 'NONE',  ( 1.000000000000000000, -3.491483361109382900E-015, -0.0000000000000000000 ) ) ;
#2386 = VECTOR ( 'NONE', #2385, 39.37007874015748100 ) ;
#2387 = CARTESIAN_POINT ( 'NONE',  ( -0.5000000000000004400, -0.1640000000000000100, -0.5850000000000003000 ) ) ;
#2388 = LINE ( 'NONE', #2387, #2386 ) ;
#2389 = CARTESIAN_POINT ( 'NONE',  ( -0.003000000000000005700, 0.01000000000000000000, -0.09200000000000004000 ) ) ;
#2390 = CARTESIAN_POINT ( 'NONE',  ( -0.2459999141035242900, 0.01000000000000003500, -0.7349999999999999900 ) ) ;
#2391 = DIRECTION ( 'NONE',  ( 0.0000000000000000000, 1.000000000000000000, 1.365923996832128000E-014 ) ) ;
#2392 = DIRECTION ( 'NONE',  ( -1.000000000000000000, -5.676550095651120800E-017, -0.0000000000000000000 ) ) ;
#2393 = CARTESIAN_POINT ( 'NONE',  ( -0.2459999141035242900, 4.118702691536712400E-017, -0.7349999999999999900 ) ) ;
#2394 = AXIS2_PLACEMENT_3D ( 'NONE', #2393, #2392, #2391 ) ;
#2395 = CIRCLE ( 'NONE', #2394, 0.01000000000000002600 ) ;
#2396 = DIRECTION ( 'NONE',  ( -0.0000000000000000000, 0.0000000000000000000, 1.000000000000000000 ) ) ;
#2397 = VECTOR ( 'NONE', #2396, 39.37007874015748100 ) ;
#2398 = CARTESIAN_POINT ( 'NONE',  ( -0.07499999999999998300, 0.01000000000000000000, -0.6849999999999999400 ) ) ;
#2399 = LINE ( 'NONE', #2398, #2397 ) ;
#2400 = DIRECTION ( 'NONE',  ( -0.0000000000000000000, -1.000000000000000000, 0.0000000000000000000 ) ) ;
#2401 = VECTOR ( 'NONE', #2400, 39.37007874015748100 ) ;
#2402 = CARTESIAN_POINT ( 'NONE',  ( -0.003000000000000005300, 0.006999999999999999300, -0.09200000000000004000 ) ) ;
#2403 = LINE ( 'NONE', #2478, #2477 ) ;
#2404 = DIRECTION ( 'NONE',  ( 1.118840691499143500E-045, -1.000000000000000000, 2.047772595865460500E-030 ) ) ;
#2405 = DIRECTION ( 'NONE',  ( 2.741926425932555300E-016, 0.0000000000000000000, 1.000000000000000000 ) ) ;
#2406 = DIRECTION ( 'NONE',  ( -1.000000000000000000, 0.0000000000000000000, 2.741926425932555300E-016 ) ) ;
#2407 = LINE ( 'NONE', #2402, #2401 ) ;
#2408 = CARTESIAN_POINT ( 'NONE',  ( -0.003000000000000005300, 0.006999999999999999300, -0.09200000000000004000 ) ) ;
#2409 = AXIS2_PLACEMENT_3D ( 'NONE', #2408, #2406, #2405 ) ;
#2410 = FACE_OUTER_BOUND ( 'NONE', #741, .T. ) ;
#2411 = DIRECTION ( 'NONE',  ( 1.000000000000000000, 0.0000000000000000000, -0.0000000000000000000 ) ) ;
#2412 = DIRECTION ( 'NONE',  ( 0.0000000000000000000, 0.0000000000000000000, 1.000000000000000000 ) ) ;
#2413 = CARTESIAN_POINT ( 'NONE',  ( -0.003000000000000005300, 0.006999999999999999300, -0.09200000000000004000 ) ) ;
#2414 = PLANE ( 'NONE',  #2409 ) ;
#2415 = AXIS2_PLACEMENT_3D ( 'NONE', #2413, #2412, #2411 ) ;
#2416 = PLANE ( 'NONE',  #2415 ) ;
#2417 = FACE_OUTER_BOUND ( 'NONE', #736, .T. ) ;
#2418 = DIRECTION ( 'NONE',  ( 1.000000000000000000, 0.0000000000000000000, 0.0000000000000000000 ) ) ;
#2419 = VECTOR ( 'NONE', #2418, 39.37007874015748100 ) ;
#2420 = CARTESIAN_POINT ( 'NONE',  ( 0.3018848686944314300, 0.01000000000000000000, -0.09199999999999999800 ) ) ;
#2421 = LINE ( 'NONE', #2420, #2419 ) ;
#2422 = DIRECTION ( 'NONE',  ( 1.000000000000000000, 0.0000000000000000000, 0.0000000000000000000 ) ) ;
#2423 = VECTOR ( 'NONE', #2422, 39.37007874015748100 ) ;
#2424 = CARTESIAN_POINT ( 'NONE',  ( 0.3018848686944314300, 0.01000000000000000000, -0.02000000000000005900 ) ) ;
#2425 = VECTOR ( 'NONE', #2465, 39.37007874015748100 ) ;
#2426 = CARTESIAN_POINT ( 'NONE',  ( 0.5000000000000006700, -0.1999999999999999800, -0.3850000000000002900 ) ) ;
#2427 = LINE ( 'NONE', #2426, #2425 ) ;
#2428 = DIRECTION ( 'NONE',  ( 3.747962186429628000E-015, 1.000000000000000000, 0.0000000000000000000 ) ) ;
#2429 = DIRECTION ( 'NONE',  ( 1.000000000000000000, -3.747962186429628000E-015, 5.463695987328525500E-016 ) ) ;
#2430 = CARTESIAN_POINT ( 'NONE',  ( -0.4999999999999997200, 3.491483361109382400E-017, -0.7350000000000003200 ) ) ;
#2431 = CARTESIAN_POINT ( 'NONE',  ( 0.07500000000000002500, 0.006999999999999999300, -0.09800000000000001800 ) ) ;
#2432 = CARTESIAN_POINT ( 'NONE',  ( -0.2459999141035242300, -0.08226748216640605800, -0.4494460447165893900 ) ) ;
#2433 = CARTESIAN_POINT ( 'NONE',  ( 0.002999999999999970600, 0.006999999999999999300, -0.1699999999999999800 ) ) ;
#2434 = CARTESIAN_POINT ( 'NONE',  ( 0.1489999999999999900, -0.009999999999999946400, 0.02000000000000000000 ) ) ;
#2435 = LINE ( 'NONE', #2424, #2423 ) ;
#2436 = DIRECTION ( 'NONE',  ( -1.000000000000000000, 0.0000000000000000000, 5.463695987328525500E-016 ) ) ;
#2437 = DIRECTION ( 'NONE',  ( -5.463695987328525500E-016, -2.073053739024293800E-030, -1.000000000000000000 ) ) ;
#2438 = CARTESIAN_POINT ( 'NONE',  ( 0.5000000000000005600, -0.2000000000000000100, -0.5850000000000003000 ) ) ;
#2439 = AXIS2_PLACEMENT_3D ( 'NONE', #2438, #2437, #2436 ) ;
#2440 = PLANE ( 'NONE',  #2439 ) ;
#2441 = FACE_OUTER_BOUND ( 'NONE', #814, .T. ) ;
#2442 = DIRECTION ( 'NONE',  ( 1.000000000000000000, 3.491483361109382900E-015, 0.0000000000000000000 ) ) ;
#2443 = VECTOR ( 'NONE', #2442, 39.37007874015748100 ) ;
#2444 = CARTESIAN_POINT ( 'NONE',  ( 0.5000000000000004400, -0.1640000000000000100, -0.7350000000000003200 ) ) ;
#2445 = LINE ( 'NONE', #2444, #2443 ) ;
#2446 = CARTESIAN_POINT ( 'NONE',  ( 0.4900000000000003200, -0.1640000000000000100, -0.7350000000000003200 ) ) ;
#2447 = DIRECTION ( 'NONE',  ( 5.463695987328525500E-016, 2.047772595865460500E-030, 1.000000000000000000 ) ) ;
#2448 = VECTOR ( 'NONE', #2447, 39.37007874015748100 ) ;
#2449 = CARTESIAN_POINT ( 'NONE',  ( 0.4900000000000003200, -0.1640000000000000300, -0.7350000000000003200 ) ) ;
#2450 = VECTOR ( 'NONE', #2472, 39.37007874015748100 ) ;
#2451 = CARTESIAN_POINT ( 'NONE',  ( -0.003000000000000005300, 0.006999999999999999300, -0.09200000000000004000 ) ) ;
#2452 = LINE ( 'NONE', #2451, #2450 ) ;
#2453 = CARTESIAN_POINT ( 'NONE',  ( -0.003000000000000005700, 0.006999999999999999300, -0.09200000000000004000 ) ) ;
#2454 = DIRECTION ( 'NONE',  ( 1.000000000000000000, 0.0000000000000000000, -0.0000000000000000000 ) ) ;
#2455 = VECTOR ( 'NONE', #2454, 39.37007874015748100 ) ;
#2456 = DIRECTION ( 'NONE',  ( -1.118840691499143500E-045, -1.000000000000000000, 2.047772595865460500E-030 ) ) ;
#2457 = VECTOR ( 'NONE', #2456, 39.37007874015748100 ) ;
#2458 = CARTESIAN_POINT ( 'NONE',  ( -0.4999999999999997800, -0.1640000000000000100, -0.7350000000000003200 ) ) ;
#2459 = LINE ( 'NONE', #2458, #2457 ) ;
#2460 = DIRECTION ( 'NONE',  ( -5.550412155305341200E-045, -1.589700302493137200E-030, 1.000000000000000000 ) ) ;
#2461 = VECTOR ( 'NONE', #2460, 39.37007874015748100 ) ;
#2462 = CARTESIAN_POINT ( 'NONE',  ( -0.5000000000000003300, -0.1640000000000000100, -0.5850000000000003000 ) ) ;
#2463 = LINE ( 'NONE', #2462, #2461 ) ;
#2464 = CARTESIAN_POINT ( 'NONE',  ( -0.5000000000000004400, -0.1640000000000000100, -0.5850000000000003000 ) ) ;
#2465 = DIRECTION ( 'NONE',  ( -1.132653539542343100E-045, 1.000000000000000000, -2.073053739024293800E-030 ) ) ;
#2466 = AXIS2_PLACEMENT_3D ( 'NONE', #2432, #2359, #2354 ) ;
#2467 = DIRECTION ( 'NONE',  ( 3.631199861370140400E-016, 0.0000000000000000000, 1.000000000000000000 ) ) ;
#2468 = VECTOR ( 'NONE', #2467, 39.37007874015748100 ) ;
#2469 = CARTESIAN_POINT ( 'NONE',  ( -0.003000000000000031300, 0.006999999999999999300, -0.1699999999999999800 ) ) ;
#2470 = LINE ( 'NONE', #2469, #2468 ) ;
#2471 = CARTESIAN_POINT ( 'NONE',  ( -0.003000000000000012200, 0.006999999999999999300, -0.09799999999999999000 ) ) ;
#2472 = DIRECTION ( 'NONE',  ( 2.741926425932555300E-016, 0.0000000000000000000, 1.000000000000000000 ) ) ;
#2473 = PLANE ( 'NONE',  #2466 ) ;
#2474 = CARTESIAN_POINT ( 'NONE',  ( 0.5000000000000001100, -0.01000000000000002600, -0.2350000000000002400 ) ) ;
#2475 = CARTESIAN_POINT ( 'NONE',  ( 0.5000000000000004400, -0.1639999999999999500, -0.2350000000000002400 ) ) ;
#2476 = DIRECTION ( 'NONE',  ( -1.118840691499144200E-045, 1.000000000000000000, -2.047772595865461900E-030 ) ) ;
#2477 = VECTOR ( 'NONE', #2476, 39.37007874015748100 ) ;
#2478 = CARTESIAN_POINT ( 'NONE',  ( 0.5000000000000005600, 3.491483361109382400E-017, -0.2350000000000002400 ) ) ;
#2479 = LINE ( 'NONE', #2449, #2448 ) ;
#2480 = CARTESIAN_POINT ( 'NONE',  ( 0.4900000000000003200, -0.1640000000000000100, -0.5850000000000003000 ) ) ;
#2481 = DIRECTION ( 'NONE',  ( 1.000000000000000000, -0.0000000000000000000, -5.463695987328525500E-016 ) ) ;
#2482 = VECTOR ( 'NONE', #2481, 39.37007874015748100 ) ;
#2483 = CARTESIAN_POINT ( 'NONE',  ( 0.5000000000000005600, -0.1640000000000000300, -0.5850000000000003000 ) ) ;
#2484 = LINE ( 'NONE', #2483, #2482 ) ;
#2485 = CARTESIAN_POINT ( 'NONE',  ( -0.4999999999999999400, -0.009999999999999981100, -0.7350000000000003200 ) ) ;
#2486 = CARTESIAN_POINT ( 'NONE',  ( -0.07499999999999998300, 0.006999999999999999300, -0.09200000000000004000 ) ) ;
#2487 = DIRECTION ( 'NONE',  ( -1.000000000000000000, 0.0000000000000000000, -0.0000000000000000000 ) ) ;
#2488 = CARTESIAN_POINT ( 'NONE',  ( -0.003000000000000005300, 0.006999999999999999300, -0.09200000000000004000 ) ) ;
#2489 = LINE ( 'NONE', #2488, #2455 ) ;
#2490 = DIRECTION ( 'NONE',  ( 0.0000000000000000000, 0.0000000000000000000, 1.000000000000000000 ) ) ;
#2491 = VECTOR ( 'NONE', #2490, 39.37007874015748100 ) ;
#2492 = CARTESIAN_POINT ( 'NONE',  ( -0.07499999999999998300, 0.006999999999999999300, -0.09799999999999999000 ) ) ;
#2493 = LINE ( 'NONE', #2492, #2491 ) ;
#2494 = DIRECTION ( 'NONE',  ( -5.187428373385915200E-017, 0.0000000000000000000, -1.000000000000000000 ) ) ;
#2495 = DIRECTION ( 'NONE',  ( 1.000000000000000000, 0.0000000000000000000, -5.187428373385915200E-017 ) ) ;
#2496 = CARTESIAN_POINT ( 'NONE',  ( 0.002999999999999969700, 0.006999999999999999300, -0.1699999999999999800 ) ) ;
#2497 = AXIS2_PLACEMENT_3D ( 'NONE', #2496, #2495, #2494 ) ;
#2498 = LINE ( 'NONE', #2560, #2562 ) ;
#2499 = CARTESIAN_POINT ( 'NONE',  ( 0.07500000000000002500, 0.01000000000000000000, -0.09800000000000001800 ) ) ;
#2500 = DIRECTION ( 'NONE',  ( 0.0000000000000000000, 1.000000000000000000, 0.0000000000000000000 ) ) ;
#2501 = VECTOR ( 'NONE', #2500, 39.37007874015748100 ) ;
#2502 = CARTESIAN_POINT ( 'NONE',  ( -0.003000000000000043000, 0.01000000000000000000, -0.6849999999999999400 ) ) ;
#2503 = DIRECTION ( 'NONE',  ( 0.0000000000000000000, -0.0000000000000000000, -1.000000000000000000 ) ) ;
#2504 = DIRECTION ( 'NONE',  ( 0.0000000000000000000, -1.000000000000000000, 0.0000000000000000000 ) ) ;
#2505 = CARTESIAN_POINT ( 'NONE',  ( 0.3689999999999994400, -0.09226748216640605300, -0.4494460447165893900 ) ) ;
#2506 = AXIS2_PLACEMENT_3D ( 'NONE', #2505, #2504, #2503 ) ;
#2507 = PLANE ( 'NONE',  #2497 ) ;
#2508 = PLANE ( 'NONE',  #2616 ) ;
#2509 = FACE_OUTER_BOUND ( 'NONE', #818, .T. ) ;
#2510 = VECTOR ( 'NONE', #2583, 39.37007874015748100 ) ;
#2511 = CARTESIAN_POINT ( 'NONE',  ( -0.4899999999999997700, 3.071658893798191600E-031, -0.5850000000000003000 ) ) ;
#2512 = LINE ( 'NONE', #2511, #2510 ) ;
#2513 = CARTESIAN_POINT ( 'NONE',  ( 0.3689999999999995500, 0.009510565162951603900, -0.7319098300562505400 ) ) ;
#2514 = CARTESIAN_POINT ( 'NONE',  ( 0.2459999141035242900, 0.009510565162951616100, -0.7319098300562505400 ) ) ;
#2515 = FACE_OUTER_BOUND ( 'NONE', #838, .T. ) ;
#2516 = CARTESIAN_POINT ( 'NONE',  ( -0.4900000000000003200, -0.1640000000000000100, -0.7350000000000003200 ) ) ;
#2517 = DIRECTION ( 'NONE',  ( -1.000000000000000000, 3.491483361109382900E-015, 0.0000000000000000000 ) ) ;
#2518 = VECTOR ( 'NONE', #2517, 39.37007874015748100 ) ;
#2519 = CARTESIAN_POINT ( 'NONE',  ( -0.5000000000000004400, -0.1640000000000000100, -0.7350000000000003200 ) ) ;
#2520 = LINE ( 'NONE', #2519, #2518 ) ;
#2521 = CARTESIAN_POINT ( 'NONE',  ( 0.002999999999999974500, 0.01000000000000000000, -0.09799999999999999000 ) ) ;
#2522 = DIRECTION ( 'NONE',  ( -0.0000000000000000000, -1.000000000000000000, -0.0000000000000000000 ) ) ;
#2523 = VECTOR ( 'NONE', #2522, 39.37007874015748100 ) ;
#2524 = CARTESIAN_POINT ( 'NONE',  ( 0.002999999999999973200, 0.006999999999999999300, -0.09799999999999999000 ) ) ;
#2525 = DIRECTION ( 'NONE',  ( 1.000000000000000000, 3.491483361109382900E-015, 0.0000000000000000000 ) ) ;
#2526 = DIRECTION ( 'NONE',  ( 3.491483361109382900E-015, -1.000000000000000000, 2.276539994720187300E-016 ) ) ;
#2527 = LINE ( 'NONE', #2524, #2523 ) ;
#2528 = LINE ( 'NONE', #2502, #2591 ) ;
#2529 = PLANE ( 'NONE',  #2531 ) ;
#2530 = CARTESIAN_POINT ( 'NONE',  ( -0.5000000000000004400, -0.1640000000000000100, -0.5850000000000003000 ) ) ;
#2531 = AXIS2_PLACEMENT_3D ( 'NONE', #2530, #2557, #2556 ) ;
#2532 = DIRECTION ( 'NONE',  ( 0.0000000000000000000, -3.491483361109382900E-015, -1.000000000000000000 ) ) ;
#2533 = FACE_OUTER_BOUND ( 'NONE', #784, .T. ) ;
#2534 = PLANE ( 'NONE',  #2595 ) ;
#2535 = DIRECTION ( 'NONE',  ( 1.000000000000000000, -5.676550095651120800E-017, 0.0000000000000000000 ) ) ;
#2536 = VECTOR ( 'NONE', #2535, 39.37007874015748100 ) ;
#2537 = CARTESIAN_POINT ( 'NONE',  ( 0.3689999999999995500, 0.009510565162951617800, -0.7319098300562505400 ) ) ;
#2538 = LINE ( 'NONE', #2537, #2536 ) ;
#2539 = DIRECTION ( 'NONE',  ( 0.0000000000000000000, -0.3090169943749415700, 0.9510565162951555300 ) ) ;
#2540 = DIRECTION ( 'NONE',  ( -0.0000000000000000000, 0.9510565162951555300, 0.3090169943749415700 ) ) ;
#2541 = CARTESIAN_POINT ( 'NONE',  ( 0.2459999141035242300, -0.08226748216640605800, -0.4494460447165893900 ) ) ;
#2542 = PLANE ( 'NONE',  #2611 ) ;
#2543 = FACE_OUTER_BOUND ( 'NONE', #820, .T. ) ;
#2544 = DIRECTION ( 'NONE',  ( -0.0000000000000000000, 0.0000000000000000000, 1.000000000000000000 ) ) ;
#2545 = VECTOR ( 'NONE', #2544, 39.37007874015748100 ) ;
#2546 = CARTESIAN_POINT ( 'NONE',  ( 0.3689999999999994400, -0.09226748216640605300, -0.4494460447165893900 ) ) ;
#2547 = LINE ( 'NONE', #2546, #2545 ) ;
#2548 = CARTESIAN_POINT ( 'NONE',  ( 0.3689999999999994400, -0.09226748216640604000, -0.4494460447165893900 ) ) ;
#2549 = DIRECTION ( 'NONE',  ( -1.000000000000000000, -0.0000000000000000000, -0.0000000000000000000 ) ) ;
#2550 = VECTOR ( 'NONE', #2549, 39.37007874015748100 ) ;
#2551 = CARTESIAN_POINT ( 'NONE',  ( 0.2459999141035242300, -0.09226748216640602600, -0.4494460447165893900 ) ) ;
#2552 = LINE ( 'NONE', #2551, #2550 ) ;
#2553 = CARTESIAN_POINT ( 'NONE',  ( -0.07499999999999998300, 0.01000000000000000000, -0.09799999999999999000 ) ) ;
#2554 = CARTESIAN_POINT ( 'NONE',  ( -0.4900000000000003200, -0.1640000000000000300, -0.7350000000000003200 ) ) ;
#2555 = LINE ( 'NONE', #2554, #2600 ) ;
#2556 = DIRECTION ( 'NONE',  ( -1.000000000000000000, 3.491483361109382900E-015, 0.0000000000000000000 ) ) ;
#2557 = DIRECTION ( 'NONE',  ( 3.491483361109382900E-015, 1.000000000000000000, 1.589700302493137200E-030 ) ) ;
#2558 = DIRECTION ( 'NONE',  ( -0.0000000000000000000, -1.000000000000000000, -0.0000000000000000000 ) ) ;
#2559 = DIRECTION ( 'NONE',  ( -0.0000000000000000000, -1.000000000000000000, 0.0000000000000000000 ) ) ;
#2560 = CARTESIAN_POINT ( 'NONE',  ( -0.07499999999999998300, 0.006999999999999999300, -0.09799999999999999000 ) ) ;
#2561 = AXIS2_PLACEMENT_3D ( 'NONE', #2593, #2592, #2584 ) ;
#2562 = VECTOR ( 'NONE', #2559, 39.37007874015748100 ) ;
#2563 = DIRECTION ( 'NONE',  ( 1.000000000000000000, 0.0000000000000000000, 5.463695987328525500E-016 ) ) ;
#2564 = PLANE ( 'NONE',  #2506 ) ;
#2565 = FACE_OUTER_BOUND ( 'NONE', #802, .T. ) ;
#2566 = DIRECTION ( 'NONE',  ( -2.299535348202241900E-016, -0.3090169943749416200, 0.9510565162951555300 ) ) ;
#2567 = VECTOR ( 'NONE', #2566, 39.37007874015748100 ) ;
#2568 = CARTESIAN_POINT ( 'NONE',  ( 0.3689999999999995500, 0.009510565162951593500, -0.7319098300562505400 ) ) ;
#2569 = LINE ( 'NONE', #2568, #2567 ) ;
#2570 = CARTESIAN_POINT ( 'NONE',  ( -0.003000000000000005300, 0.006999999999999999300, -0.09799999999999999000 ) ) ;
#2571 = CARTESIAN_POINT ( 'NONE',  ( 0.2459999141035242300, -0.09226748216640604000, -0.4494460447165893900 ) ) ;
#2572 = DIRECTION ( 'NONE',  ( 0.0000000000000000000, -0.0000000000000000000, -1.000000000000000000 ) ) ;
#2573 = VECTOR ( 'NONE', #2572, 39.37007874015748100 ) ;
#2574 = CARTESIAN_POINT ( 'NONE',  ( 0.2459999141035242300, -0.09226748216640605300, -0.4494460447165893900 ) ) ;
#2575 = LINE ( 'NONE', #2574, #2573 ) ;
#2576 = FACE_OUTER_BOUND ( 'NONE', #768, .T. ) ;
#2577 = DIRECTION ( 'NONE',  ( -5.463695987328525500E-016, 2.073053739024293800E-030, 1.000000000000000000 ) ) ;
#2578 = DIRECTION ( 'NONE',  ( 1.149767674101121000E-016, 0.3090169943749416200, -0.9510565162951555300 ) ) ;
#2579 = VECTOR ( 'NONE', #2578, 39.37007874015748100 ) ;
#2580 = CARTESIAN_POINT ( 'NONE',  ( 0.2459999141035242300, -0.08226748216640605800, -0.4494460447165893900 ) ) ;
#2581 = LINE ( 'NONE', #2580, #2579 ) ;
#2582 = CARTESIAN_POINT ( 'NONE',  ( -0.4900000000000004400, -0.1640000000000000300, -0.5850000000000003000 ) ) ;
#2583 = DIRECTION ( 'NONE',  ( 3.747962186429628000E-015, 1.000000000000000000, 0.0000000000000000000 ) ) ;
#2584 = DIRECTION ( 'NONE',  ( -1.000000000000000000, 0.0000000000000000000, -0.0000000000000000000 ) ) ;
#2585 = DIRECTION ( 'NONE',  ( -0.0000000000000000000, 0.0000000000000000000, 1.000000000000000000 ) ) ;
#2586 = FACE_OUTER_BOUND ( 'NONE', #777, .T. ) ;
#2587 = DIRECTION ( 'NONE',  ( -1.000000000000000000, -0.0000000000000000000, -0.0000000000000000000 ) ) ;
#2588 = CARTESIAN_POINT ( 'NONE',  ( -0.5000000000000005600, -0.2000000000000000100, -0.5850000000000003000 ) ) ;
#2589 = LINE ( 'NONE', #2570, #2594 ) ;
#2590 = CARTESIAN_POINT ( 'NONE',  ( -0.003000000000000014400, 0.01000000000000000000, -0.09799999999999999000 ) ) ;
#2591 = VECTOR ( 'NONE', #2585, 39.37007874015748100 ) ;
#2592 = DIRECTION ( 'NONE',  ( 0.0000000000000000000, 0.0000000000000000000, -1.000000000000000000 ) ) ;
#2593 = CARTESIAN_POINT ( 'NONE',  ( -0.003000000000000005300, 0.006999999999999999300, -0.09799999999999999000 ) ) ;
#2594 = VECTOR ( 'NONE', #2558, 39.37007874015748100 ) ;
#2595 = AXIS2_PLACEMENT_3D ( 'NONE', #2588, #2577, #2563 ) ;
#2596 = AXIS2_PLACEMENT_3D ( 'NONE', #2541, #2540, #2539 ) ;
#2597 = PLANE ( 'NONE',  #2596 ) ;
#2598 = FACE_OUTER_BOUND ( 'NONE', #789, .T. ) ;
#2599 = DIRECTION ( 'NONE',  ( 5.463695987328525500E-016, -2.047772595865460500E-030, -1.000000000000000000 ) ) ;
#2600 = VECTOR ( 'NONE', #2599, 39.37007874015748100 ) ;
#2601 = VECTOR ( 'NONE', #2587, 39.37007874015748100 ) ;
#2602 = CARTESIAN_POINT ( 'NONE',  ( 0.3018848686944314300, 0.01000000000000000000, -0.09800000000000001800 ) ) ;
#2603 = LINE ( 'NONE', #2602, #2601 ) ;
#2604 = AXIS2_PLACEMENT_3D ( 'NONE', #2605, #2526, #2525 ) ;
#2605 = CARTESIAN_POINT ( 'NONE',  ( 0.5000000000000004400, -0.1639999999999999800, -0.3850000000000002900 ) ) ;
#2606 = FACE_OUTER_BOUND ( 'NONE', #817, .T. ) ;
#2607 = DIRECTION ( 'NONE',  ( -1.000000000000000000, 0.0000000000000000000, 4.742791655667121900E-016 ) ) ;
#2608 = DIRECTION ( 'NONE',  ( -4.742791655667121900E-016, 0.0000000000000000000, -1.000000000000000000 ) ) ;
#2609 = PLANE ( 'NONE',  #2604 ) ;
#2610 = CARTESIAN_POINT ( 'NONE',  ( 0.07500000000000001100, 0.006999999999999999300, -0.09800000000000001800 ) ) ;
#2611 = AXIS2_PLACEMENT_3D ( 'NONE', #2610, #2608, #2607 ) ;
#2612 = CARTESIAN_POINT ( 'NONE',  ( 0.07500000000000001100, 0.006999999999999999300, -0.09800000000000001800 ) ) ;
#2613 = LINE ( 'NONE', #2612, #2501 ) ;
#2614 = FACE_OUTER_BOUND ( 'NONE', #836, .T. ) ;
#2615 = CARTESIAN_POINT ( 'NONE',  ( -0.1489999999999999700, -0.1899999999999999500, 0.02000000000000063200 ) ) ;
#2616 = AXIS2_PLACEMENT_3D ( 'NONE', #2615, #2617, #2532 ) ;
#2617 = DIRECTION ( 'NONE',  ( 0.0000000000000000000, -1.000000000000000000, 3.491483361109382900E-015 ) ) ;
#2618 = PLANE ( 'NONE',  #2561 ) ;
#2619 = CARTESIAN_POINT ( 'NONE',  ( -0.5100000000000006800, -0.1999999999999999600, -0.5850000000000003000 ) ) ;
#2620 = DIRECTION ( 'NONE',  ( 1.000000000000000000, 0.0000000000000000000, 0.0000000000000000000 ) ) ;
#2621 = DIRECTION ( 'NONE',  ( 0.0000000000000000000, 0.0000000000000000000, 1.000000000000000000 ) ) ;
#2622 = AXIS2_PLACEMENT_3D ( 'NONE', #2624, #2621, #2620 ) ;
#2623 = CIRCLE ( 'NONE', #2849, 0.01999999999999999000 ) ;
#2624 = CARTESIAN_POINT ( 'NONE',  ( -0.5100000000000006800, -0.1999999999999999600, -0.3850000000000002900 ) ) ;
#2625 = CYLINDRICAL_SURFACE ( 'NONE', #2622, 0.01999999999999999000 ) ;
#2626 = FACE_OUTER_BOUND ( 'NONE', #871, .T. ) ;
#2627 = DIRECTION ( 'NONE',  ( -3.747962186429628000E-015, -1.000000000000000000, -0.0000000000000000000 ) ) ;
#2628 = VECTOR ( 'NONE', #2627, 39.37007874015748100 ) ;
#2629 = CARTESIAN_POINT ( 'NONE',  ( -0.4899999999999998800, 7.167204085529113400E-031, -0.3850000000000002900 ) ) ;
#2630 = CARTESIAN_POINT ( 'NONE',  ( -0.4799999999999998200, 8.323599355695802500E-017, -0.2350000000000001300 ) ) ;
#2631 = DIRECTION ( 'NONE',  ( 0.0000000000000000000, 1.000000000000000000, 0.0000000000000000000 ) ) ;
#2632 = VECTOR ( 'NONE', #2631, 39.37007874015748100 ) ;
#2633 = CARTESIAN_POINT ( 'NONE',  ( -0.4799999999999999300, 0.01000000000000000000, -0.2349999999999999600 ) ) ;
#2634 = LINE ( 'NONE', #2633, #2632 ) ;
#2635 = DIRECTION ( 'NONE',  ( -0.0000000000000000000, -1.000000000000000000, -0.0000000000000000000 ) ) ;
#2636 = VECTOR ( 'NONE', #2635, 39.37007874015748100 ) ;
#2637 = CARTESIAN_POINT ( 'NONE',  ( -0.1489999999999999900, 0.01000000000000000000, -2.236918982071292700E-019 ) ) ;
#2638 = LINE ( 'NONE', #2637, #2636 ) ;
#2639 = DIRECTION ( 'NONE',  ( 3.747962186429628000E-015, 1.000000000000000000, 0.0000000000000000000 ) ) ;
#2640 = DIRECTION ( 'NONE',  ( 1.000000000000000000, -3.747962186429628000E-015, 5.463695987328525500E-016 ) ) ;
#2641 = CARTESIAN_POINT ( 'NONE',  ( -0.4899999999999997100, 0.0000000000000000000, -0.7350000000000003200 ) ) ;
#2642 = AXIS2_PLACEMENT_3D ( 'NONE', #2641, #2640, #2639 ) ;
#2643 = PLANE ( 'NONE',  #2642 ) ;
#2644 = FACE_OUTER_BOUND ( 'NONE', #917, .T. ) ;
#2645 = CARTESIAN_POINT ( 'NONE',  ( 0.3689999999999995500, 1.896289221268956200E-017, -0.7350000000000001000 ) ) ;
#2646 = DIRECTION ( 'NONE',  ( -0.0000000000000000000, 0.3090169943749415700, -0.9510565162951555300 ) ) ;
#2647 = VECTOR ( 'NONE', #2646, 39.37007874015748100 ) ;
#2648 = CARTESIAN_POINT ( 'NONE',  ( 0.3689999999999994400, -0.09177804732935762600, -0.4525362146603388300 ) ) ;
#2649 = LINE ( 'NONE', #2648, #2647 ) ;
#2650 = LINE ( 'NONE', #2791, #2790 ) ;
#2651 = DIRECTION ( 'NONE',  ( 0.0000000000000000000, -0.0000000000000000000, -1.000000000000000000 ) ) ;
#2652 = VECTOR ( 'NONE', #2651, 39.37007874015748100 ) ;
#2653 = CARTESIAN_POINT ( 'NONE',  ( 0.002999999999999974900, 0.01000000000000000000, -0.6849999999999999400 ) ) ;
#2654 = LINE ( 'NONE', #2653, #2652 ) ;
#2655 = CARTESIAN_POINT ( 'NONE',  ( -0.1489999999999999700, -0.1899999999999999500, 0.01000000000000063000 ) ) ;
#2656 = DIRECTION ( 'NONE',  ( 3.631199861370140400E-016, 0.0000000000000000000, 1.000000000000000000 ) ) ;
#2657 = DIRECTION ( 'NONE',  ( -1.000000000000000000, 0.0000000000000000000, 3.631199861370140400E-016 ) ) ;
#2658 = CARTESIAN_POINT ( 'NONE',  ( -0.003000000000000031300, 0.006999999999999999300, -0.1699999999999999800 ) ) ;
#2659 = AXIS2_PLACEMENT_3D ( 'NONE', #2658, #2657, #2656 ) ;
#2660 = CARTESIAN_POINT ( 'NONE',  ( -0.3689999999999995500, -7.547057392206902000E-017, -0.7349999999999999900 ) ) ;
#2661 = DIRECTION ( 'NONE',  ( -0.0000000000000000000, 1.000000000000000000, 0.0000000000000000000 ) ) ;
#2662 = VECTOR ( 'NONE', #2661, 39.37007874015748100 ) ;
#2663 = CARTESIAN_POINT ( 'NONE',  ( -0.3689999999999995500, 0.01000000000000000000, -0.7349999999999999900 ) ) ;
#2664 = DIRECTION ( 'NONE',  ( 5.676550095651120800E-017, -1.000000000000000000, 0.0000000000000000000 ) ) ;
#2665 = DIRECTION ( 'NONE',  ( -1.000000000000000000, -5.676550095651120800E-017, 0.0000000000000000000 ) ) ;
#2666 = CARTESIAN_POINT ( 'NONE',  ( -0.3689999999999995500, 0.01000000000000006400, -0.7350000000000001000 ) ) ;
#2667 = AXIS2_PLACEMENT_3D ( 'NONE', #2666, #2665, #2664 ) ;
#2668 = PLANE ( 'NONE',  #2667 ) ;
#2669 = LINE ( 'NONE', #2663, #2662 ) ;
#2670 = DIRECTION ( 'NONE',  ( 0.0000000000000000000, 0.0000000000000000000, 1.000000000000000000 ) ) ;
#2671 = CARTESIAN_POINT ( 'NONE',  ( -0.4799999999999998700, -0.01000000000000000000, -0.2350000000000002400 ) ) ;
#2672 = AXIS2_PLACEMENT_3D ( 'NONE', #2671, #2670, #2724 ) ;
#2673 = PLANE ( 'NONE',  #2672 ) ;
#2674 = FACE_OUTER_BOUND ( 'NONE', #984, .T. ) ;
#2675 = DIRECTION ( 'NONE',  ( -3.747962186429628000E-015, -1.000000000000000000, -0.0000000000000000000 ) ) ;
#2676 = VECTOR ( 'NONE', #2675, 39.37007874015748100 ) ;
#2677 = CARTESIAN_POINT ( 'NONE',  ( -0.4899999999999999900, 1.023886297932730400E-030, -0.2350000000000002400 ) ) ;
#2678 = LINE ( 'NONE', #2677, #2676 ) ;
#2679 = CARTESIAN_POINT ( 'NONE',  ( -0.4900000000000000500, -0.009999999999999962000, -0.2350000000000002400 ) ) ;
#2680 = DIRECTION ( 'NONE',  ( -0.0000000000000000000, -0.0000000000000000000, 1.000000000000000000 ) ) ;
#2681 = DIRECTION ( 'NONE',  ( -1.000000000000000000, 0.0000000000000000000, -0.0000000000000000000 ) ) ;
#2682 = DIRECTION ( 'NONE',  ( 0.0000000000000000000, 0.0000000000000000000, -1.000000000000000000 ) ) ;
#2683 = CARTESIAN_POINT ( 'NONE',  ( -0.003000000000000031300, 0.006999999999999999300, -0.1699999999999999800 ) ) ;
#2684 = CARTESIAN_POINT ( 'NONE',  ( 0.3689999999999994400, -0.09177804732935759800, -0.4525362146603388300 ) ) ;
#2685 = DIRECTION ( 'NONE',  ( 0.0000000000000000000, 0.0000000000000000000, 1.000000000000000000 ) ) ;
#2686 = DIRECTION ( 'NONE',  ( -1.000000000000000000, -0.0000000000000000000, -0.0000000000000000000 ) ) ;
#2687 = CARTESIAN_POINT ( 'NONE',  ( 0.3689999999999994400, -0.08226748216640605800, -0.4494460447165893900 ) ) ;
#2688 = AXIS2_PLACEMENT_3D ( 'NONE', #2687, #2686, #2685 ) ;
#2689 = CIRCLE ( 'NONE', #2688, 0.009999999999999962000 ) ;
#2690 = CARTESIAN_POINT ( 'NONE',  ( -0.4899999999999998800, -0.009999999999999981100, -0.7350000000000003200 ) ) ;
#2691 = DIRECTION ( 'NONE',  ( 2.186988077358790800E-016, 0.0000000000000000000, -1.000000000000000000 ) ) ;
#2692 = DIRECTION ( 'NONE',  ( 1.000000000000000000, -7.105955017603915200E-017, 2.186988077358790800E-016 ) ) ;
#2693 = CARTESIAN_POINT ( 'NONE',  ( 0.3689999999999994400, -0.08226748216640605800, -0.4494460447165893900 ) ) ;
#2694 = AXIS2_PLACEMENT_3D ( 'NONE', #2693, #2692, #2691 ) ;
#2695 = PLANE ( 'NONE',  #2694 ) ;
#2696 = FACE_OUTER_BOUND ( 'NONE', #1005, .T. ) ;
#2697 = DIRECTION ( 'NONE',  ( 0.0000000000000000000, -1.000000000000000000, 0.0000000000000000000 ) ) ;
#2698 = DIRECTION ( 'NONE',  ( 0.0000000000000000000, -1.067128122525099600E-016, 1.000000000000000000 ) ) ;
#2699 = CARTESIAN_POINT ( 'NONE',  ( 0.4799999999999998700, -0.01000000000000000700, -0.7350000000000003200 ) ) ;
#2700 = AXIS2_PLACEMENT_3D ( 'NONE', #2699, #2698, #2697 ) ;
#2701 = CIRCLE ( 'NONE', #2700, 0.009999999999999890900 ) ;
#2702 = CARTESIAN_POINT ( 'NONE',  ( 0.4799999999999999300, -1.131155809876608900E-016, -0.7349999999999996500 ) ) ;
#2703 = DIRECTION ( 'NONE',  ( -0.0000000000000000000, -1.000000000000000000, -0.0000000000000000000 ) ) ;
#2704 = VECTOR ( 'NONE', #2703, 39.37007874015748100 ) ;
#2705 = AXIS2_PLACEMENT_3D ( 'NONE', #2683, #2682, #2681 ) ;
#2706 = LINE ( 'NONE', #2708, #2707 ) ;
#2707 = VECTOR ( 'NONE', #2747, 39.37007874015748100 ) ;
#2708 = CARTESIAN_POINT ( 'NONE',  ( -0.003000000000000031300, 0.006999999999999999300, -0.1699999999999999800 ) ) ;
#2709 = PLANE ( 'NONE',  #2705 ) ;
#2710 = CARTESIAN_POINT ( 'NONE',  ( 0.5000000000000004400, -0.1639999999999999800, -0.3850000000000002900 ) ) ;
#2711 = CARTESIAN_POINT ( 'NONE',  ( 0.4799999999999997000, 0.01000000000000000000, -0.7350000000000003200 ) ) ;
#2712 = DIRECTION ( 'NONE',  ( 0.0000000000000000000, 1.000000000000000000, 1.067128122525099800E-016 ) ) ;
#2713 = DIRECTION ( 'NONE',  ( 0.0000000000000000000, 1.067128122525099800E-016, -1.000000000000000000 ) ) ;
#2714 = CARTESIAN_POINT ( 'NONE',  ( 0.4799999999999998700, -0.01000000000000000700, -0.7350000000000003200 ) ) ;
#2715 = LINE ( 'NONE', #2711, #2704 ) ;
#2716 = AXIS2_PLACEMENT_3D ( 'NONE', #2714, #2713, #2712 ) ;
#2717 = PLANE ( 'NONE',  #2716 ) ;
#2718 = FACE_OUTER_BOUND ( 'NONE', #994, .T. ) ;
#2719 = DIRECTION ( 'NONE',  ( -1.000000000000000000, -8.537024980200679800E-016, 0.0000000000000000000 ) ) ;
#2720 = DIRECTION ( 'NONE',  ( -0.0000000000000000000, -0.0000000000000000000, 1.000000000000000000 ) ) ;
#2721 = CARTESIAN_POINT ( 'NONE',  ( -0.4799999999999998700, -0.01000000000000000000, -0.7350000000000003200 ) ) ;
#2722 = AXIS2_PLACEMENT_3D ( 'NONE', #2721, #2720, #2719 ) ;
#2723 = CIRCLE ( 'NONE', #2722, 0.01000000000000016700 ) ;
#2724 = DIRECTION ( 'NONE',  ( 1.000000000000000000, 0.0000000000000000000, -0.0000000000000000000 ) ) ;
#2725 = VECTOR ( 'NONE', #2680, 39.37007874015748100 ) ;
#2726 = CARTESIAN_POINT ( 'NONE',  ( -0.4900000000000000500, -0.01000000000000000000, -0.7350000000000003200 ) ) ;
#2727 = LINE ( 'NONE', #2726, #2725 ) ;
#2728 = DIRECTION ( 'NONE',  ( 3.747962186429628000E-015, 1.000000000000000000, 0.0000000000000000000 ) ) ;
#2729 = VECTOR ( 'NONE', #2728, 39.37007874015748100 ) ;
#2730 = CARTESIAN_POINT ( 'NONE',  ( -0.4899999999999997100, 0.0000000000000000000, -0.7350000000000003200 ) ) ;
#2731 = LINE ( 'NONE', #2730, #2729 ) ;
#2732 = CARTESIAN_POINT ( 'NONE',  ( -0.2459999141035243400, 4.055086865595390700E-018, -0.7349999999999999900 ) ) ;
#2733 = DIRECTION ( 'NONE',  ( 0.0000000000000000000, -0.3090169943749415700, 0.9510565162951555300 ) ) ;
#2734 = VECTOR ( 'NONE', #2733, 39.37007874015748100 ) ;
#2735 = CARTESIAN_POINT ( 'NONE',  ( -0.3689999999999995500, -0.09177804732935762600, -0.4525362146603388300 ) ) ;
#2736 = LINE ( 'NONE', #2735, #2734 ) ;
#2737 = LINE ( 'NONE', #2629, #2628 ) ;
#2738 = CARTESIAN_POINT ( 'NONE',  ( -0.07499999999999998300, 0.01000000000000000000, -0.09200000000000004000 ) ) ;
#2739 = DIRECTION ( 'NONE',  ( 0.0000000000000000000, -1.000000000000000000, -0.0000000000000000000 ) ) ;
#2740 = VECTOR ( 'NONE', #2739, 39.37007874015748100 ) ;
#2741 = CARTESIAN_POINT ( 'NONE',  ( -0.07499999999999998300, 0.006999999999999999300, -0.09200000000000004000 ) ) ;
#2742 = LINE ( 'NONE', #2741, #2740 ) ;
#2743 = DIRECTION ( 'NONE',  ( 0.0000000000000000000, 0.0000000000000000000, 1.000000000000000000 ) ) ;
#2744 = PLANE ( 'NONE',  #2659 ) ;
#2745 = LINE ( 'NONE', #2710, #2750 ) ;
#2746 = CARTESIAN_POINT ( 'NONE',  ( -0.003000000000000034800, 0.01000000000000000000, -0.1699999999999999600 ) ) ;
#2747 = DIRECTION ( 'NONE',  ( -0.0000000000000000000, -1.000000000000000000, 0.0000000000000000000 ) ) ;
#2748 = LINE ( 'NONE', #2794, #2793 ) ;
#2749 = DIRECTION ( 'NONE',  ( 1.000000000000000000, 3.491483361109382900E-015, 0.0000000000000000000 ) ) ;
#2750 = VECTOR ( 'NONE', #2749, 39.37007874015748100 ) ;
#2751 = FACE_OUTER_BOUND ( 'NONE', #930, .T. ) ;
#2752 = DIRECTION ( 'NONE',  ( 1.000000000000000000, 0.0000000000000000000, 0.0000000000000000000 ) ) ;
#2753 = VECTOR ( 'NONE', #2752, 39.37007874015748100 ) ;
#2754 = CARTESIAN_POINT ( 'NONE',  ( -0.2459999141035242300, -0.09177804732935759800, -0.4525362146603388900 ) ) ;
#2755 = LINE ( 'NONE', #2754, #2753 ) ;
#2756 = CARTESIAN_POINT ( 'NONE',  ( -0.3689999999999994400, -0.09177804732935758400, -0.4525362146603388300 ) ) ;
#2757 = DIRECTION ( 'NONE',  ( 0.0000000000000000000, -1.707404996040171100E-015, 1.000000000000000000 ) ) ;
#2758 = DIRECTION ( 'NONE',  ( 1.000000000000000000, 0.0000000000000000000, 0.0000000000000000000 ) ) ;
#2759 = CARTESIAN_POINT ( 'NONE',  ( -0.3689999999999994400, -0.08226748216640605800, -0.4494460447165893900 ) ) ;
#2760 = AXIS2_PLACEMENT_3D ( 'NONE', #2759, #2758, #2757 ) ;
#2761 = DIRECTION ( 'NONE',  ( 0.0000000000000000000, 0.0000000000000000000, 1.000000000000000000 ) ) ;
#2762 = CIRCLE ( 'NONE', #2760, 0.009999999999999962000 ) ;
#2763 = DIRECTION ( 'NONE',  ( -1.000000000000000000, -0.0000000000000000000, -0.0000000000000000000 ) ) ;
#2764 = AXIS2_PLACEMENT_3D ( 'NONE', #2765, #2763, #2761 ) ;
#2765 = CARTESIAN_POINT ( 'NONE',  ( -0.3689999999999994400, -0.08226748216640605800, -0.4494460447165893900 ) ) ;
#2766 = CYLINDRICAL_SURFACE ( 'NONE', #2764, 0.009999999999999962000 ) ;
#2767 = FACE_OUTER_BOUND ( 'NONE', #921, .T. ) ;
#2768 = DIRECTION ( 'NONE',  ( 0.0000000000000000000, 0.0000000000000000000, 1.000000000000000000 ) ) ;
#2769 = DIRECTION ( 'NONE',  ( -1.000000000000000000, -0.0000000000000000000, -0.0000000000000000000 ) ) ;
#2770 = CARTESIAN_POINT ( 'NONE',  ( -0.2459999141035242300, -0.08226748216640605800, -0.4494460447165893900 ) ) ;
#2771 = AXIS2_PLACEMENT_3D ( 'NONE', #2770, #2769, #2768 ) ;
#2772 = CIRCLE ( 'NONE', #2771, 0.009999999999999962000 ) ;
#2773 = DIRECTION ( 'NONE',  ( 1.000000000000000000, 0.0000000000000000000, -0.0000000000000000000 ) ) ;
#2774 = DIRECTION ( 'NONE',  ( 0.0000000000000000000, 0.0000000000000000000, 1.000000000000000000 ) ) ;
#2775 = CARTESIAN_POINT ( 'NONE',  ( -0.4799999999999998700, -0.01000000000000000000, -0.7350000000000003200 ) ) ;
#2776 = AXIS2_PLACEMENT_3D ( 'NONE', #2775, #2774, #2773 ) ;
#2777 = PLANE ( 'NONE',  #2776 ) ;
#2778 = DIRECTION ( 'NONE',  ( 1.000000000000000000, 0.0000000000000000000, -5.463695987328525500E-016 ) ) ;
#2779 = DIRECTION ( 'NONE',  ( 5.463695987328525500E-016, 2.073053739024293800E-030, 1.000000000000000000 ) ) ;
#2780 = CARTESIAN_POINT ( 'NONE',  ( 0.5000000000000005600, -0.1999999999999999800, -0.3850000000000002900 ) ) ;
#2781 = AXIS2_PLACEMENT_3D ( 'NONE', #2780, #2779, #2778 ) ;
#2782 = FACE_OUTER_BOUND ( 'NONE', #985, .T. ) ;
#2783 = PLANE ( 'NONE',  #2781 ) ;
#2784 = DIRECTION ( 'NONE',  ( -1.000000000000000000, 0.0000000000000000000, 0.0000000000000000000 ) ) ;
#2785 = CARTESIAN_POINT ( 'NONE',  ( -0.07499999999999998300, 0.006999999999999999300, -0.09799999999999999000 ) ) ;
#2786 = AXIS2_PLACEMENT_3D ( 'NONE', #2785, #2784, #2743 ) ;
#2787 = PLANE ( 'NONE',  #2786 ) ;
#2788 = FACE_OUTER_BOUND ( 'NONE', #861, .T. ) ;
#2789 = DIRECTION ( 'NONE',  ( -1.000000000000000000, -0.0000000000000000000, -0.0000000000000000000 ) ) ;
#2790 = VECTOR ( 'NONE', #2789, 39.37007874015748100 ) ;
#2791 = CARTESIAN_POINT ( 'NONE',  ( 0.3018848686944314300, 0.01000000000000000000, -0.09800000000000001800 ) ) ;
#2792 = DIRECTION ( 'NONE',  ( -3.747962186429628000E-015, 1.000000000000000000, -0.0000000000000000000 ) ) ;
#2793 = VECTOR ( 'NONE', #2792, 39.37007874015748100 ) ;
#2794 = CARTESIAN_POINT ( 'NONE',  ( 0.4899999999999998800, 7.167204085529113400E-031, -0.3850000000000002900 ) ) ;
#2795 = FACE_OUTER_BOUND ( 'NONE', #655, .T. ) ;
#2796 = CARTESIAN_POINT ( 'NONE',  ( 0.4900000000000004900, -0.1640000000000000100, -0.3850000000000002900 ) ) ;
#2797 = DIRECTION ( 'NONE',  ( 5.463695987328525500E-016, 2.047772595865460500E-030, 1.000000000000000000 ) ) ;
#2798 = VECTOR ( 'NONE', #2797, 39.37007874015748100 ) ;
#2799 = CARTESIAN_POINT ( 'NONE',  ( 0.4900000000000003200, -0.1640000000000000100, -0.7350000000000003200 ) ) ;
#2800 = LINE ( 'NONE', #2799, #2798 ) ;
#2801 = CARTESIAN_POINT ( 'NONE',  ( 0.4900000000000006000, -0.1640000000000000100, -0.2350000000000002400 ) ) ;
#2802 = DIRECTION ( 'NONE',  ( 1.000000000000000000, 3.491483361109382900E-015, 0.0000000000000000000 ) ) ;
#2803 = DIRECTION ( 'NONE',  ( 3.491483361109382900E-015, -1.000000000000000000, -1.589700302493137200E-030 ) ) ;
#2804 = CARTESIAN_POINT ( 'NONE',  ( 0.5000000000000004400, -0.1640000000000000100, -0.5850000000000003000 ) ) ;
#2805 = AXIS2_PLACEMENT_3D ( 'NONE', #2804, #2803, #2802 ) ;
#2806 = PLANE ( 'NONE',  #2805 ) ;
#2807 = FACE_OUTER_BOUND ( 'NONE', #905, .T. ) ;
#2808 = DIRECTION ( 'NONE',  ( 3.747962186429628000E-015, -1.000000000000000000, 0.0000000000000000000 ) ) ;
#2809 = VECTOR ( 'NONE', #2808, 39.37007874015748100 ) ;
#2810 = CARTESIAN_POINT ( 'NONE',  ( 0.4899999999999997700, 3.071658893798191600E-031, -0.5850000000000003000 ) ) ;
#2811 = LINE ( 'NONE', #2810, #2809 ) ;
#2812 = CARTESIAN_POINT ( 'NONE',  ( 0.4900000000000006000, -0.2000000000000000400, -0.5850000000000003000 ) ) ;
#2813 = DIRECTION ( 'NONE',  ( -1.000000000000000000, 0.0000000000000000000, 0.0000000000000000000 ) ) ;
#2814 = DIRECTION ( 'NONE',  ( -0.0000000000000000000, -0.0000000000000000000, 1.000000000000000000 ) ) ;
#2815 = AXIS2_PLACEMENT_3D ( 'NONE', #2824, #2814, #2813 ) ;
#2816 = VECTOR ( 'NONE', #2851, 39.37007874015748100 ) ;
#2817 = CARTESIAN_POINT ( 'NONE',  ( 0.3018848686944314300, 0.01000000000000000000, -0.1699999999999999600 ) ) ;
#2818 = LINE ( 'NONE', #2817, #2816 ) ;
#2819 = CARTESIAN_POINT ( 'NONE',  ( 0.002999999999999970600, 0.01000000000000000000, -0.1699999999999999600 ) ) ;
#2820 = DIRECTION ( 'NONE',  ( -0.0000000000000000000, -1.000000000000000000, -0.0000000000000000000 ) ) ;
#2821 = VECTOR ( 'NONE', #2820, 39.37007874015748100 ) ;
#2822 = CARTESIAN_POINT ( 'NONE',  ( 0.002999999999999969700, 0.006999999999999999300, -0.1699999999999999800 ) ) ;
#2823 = LINE ( 'NONE', #2822, #2821 ) ;
#2824 = CARTESIAN_POINT ( 'NONE',  ( 0.5100000000000006800, -0.1999999999999999600, -0.5850000000000003000 ) ) ;
#2825 = CIRCLE ( 'NONE', #2815, 0.01999999999999999000 ) ;
#2826 = DIRECTION ( 'NONE',  ( -1.000000000000000000, 0.0000000000000000000, -5.463695987328525500E-016 ) ) ;
#2827 = DIRECTION ( 'NONE',  ( 5.463695987328525500E-016, -2.073053739024293800E-030, -1.000000000000000000 ) ) ;
#2828 = CARTESIAN_POINT ( 'NONE',  ( -0.5000000000000005600, -0.1999999999999999800, -0.3850000000000002900 ) ) ;
#2829 = AXIS2_PLACEMENT_3D ( 'NONE', #2828, #2827, #2826 ) ;
#2830 = PLANE ( 'NONE',  #2829 ) ;
#2831 = FACE_OUTER_BOUND ( 'NONE', #889, .T. ) ;
#2832 = DIRECTION ( 'NONE',  ( 5.463695987328525500E-016, -2.047772595865460500E-030, -1.000000000000000000 ) ) ;
#2833 = VECTOR ( 'NONE', #2832, 39.37007874015748100 ) ;
#2834 = CARTESIAN_POINT ( 'NONE',  ( -0.4900000000000003200, -0.1639999999999999800, -0.7350000000000003200 ) ) ;
#2835 = LINE ( 'NONE', #2834, #2833 ) ;
#2836 = CARTESIAN_POINT ( 'NONE',  ( -0.4900000000000006600, -0.1999999999999999800, -0.3850000000000002900 ) ) ;
#2837 = DIRECTION ( 'NONE',  ( 1.000000000000000000, 0.0000000000000000000, 0.0000000000000000000 ) ) ;
#2838 = DIRECTION ( 'NONE',  ( -0.0000000000000000000, -0.0000000000000000000, -1.000000000000000000 ) ) ;
#2839 = CARTESIAN_POINT ( 'NONE',  ( -0.5100000000000006800, -0.1999999999999999600, -0.3850000000000002900 ) ) ;
#2840 = AXIS2_PLACEMENT_3D ( 'NONE', #2839, #2838, #2837 ) ;
#2841 = CIRCLE ( 'NONE', #2840, 0.01999999999999999000 ) ;
#2842 = DIRECTION ( 'NONE',  ( 5.463695987328525500E-016, -2.047772595865460500E-030, -1.000000000000000000 ) ) ;
#2843 = VECTOR ( 'NONE', #2842, 39.37007874015748100 ) ;
#2844 = CARTESIAN_POINT ( 'NONE',  ( -0.4900000000000004400, -0.1999999999999999600, -0.7350000000000003200 ) ) ;
#2845 = LINE ( 'NONE', #2844, #2843 ) ;
#2846 = CARTESIAN_POINT ( 'NONE',  ( -0.4900000000000006000, -0.1999999999999999800, -0.5850000000000003000 ) ) ;
#2847 = DIRECTION ( 'NONE',  ( 1.000000000000000000, 0.0000000000000000000, 0.0000000000000000000 ) ) ;
#2848 = DIRECTION ( 'NONE',  ( 0.0000000000000000000, 0.0000000000000000000, 1.000000000000000000 ) ) ;
#2849 = AXIS2_PLACEMENT_3D ( 'NONE', #2619, #2848, #2847 ) ;
#2850 = FACE_OUTER_BOUND ( 'NONE', #757, .T. ) ;
#2851 = DIRECTION ( 'NONE',  ( -1.000000000000000000, -0.0000000000000000000, -0.0000000000000000000 ) ) ;
#2852 = DIRECTION ( 'NONE',  ( -1.000000000000000000, -3.747962186429628000E-015, 5.463695987328525500E-016 ) ) ;
#2853 = CARTESIAN_POINT ( 'NONE',  ( 0.4899999999999997100, 0.0000000000000000000, -0.7350000000000003200 ) ) ;
#2854 = AXIS2_PLACEMENT_3D ( 'NONE', #3023, #3022, #2887 ) ;
#2855 = FACE_OUTER_BOUND ( 'NONE', #1035, .T. ) ;
#2856 = DIRECTION ( 'NONE',  ( 0.0000000000000000000, -1.000000000000000000, -0.0000000000000000000 ) ) ;
#2857 = VECTOR ( 'NONE', #2856, 39.37007874015748100 ) ;
#2858 = CARTESIAN_POINT ( 'NONE',  ( -0.002999999999999985300, 0.006999999999999999300, -0.02000000000000002500 ) ) ;
#2859 = LINE ( 'NONE', #2858, #2857 ) ;
#2860 = DIRECTION ( 'NONE',  ( 0.0000000000000000000, -0.0000000000000000000, -1.000000000000000000 ) ) ;
#2861 = VECTOR ( 'NONE', #2860, 39.37007874015748100 ) ;
#2862 = CARTESIAN_POINT ( 'NONE',  ( 0.002999999999999974900, 0.01000000000000000000, -0.6849999999999999400 ) ) ;
#2863 = LINE ( 'NONE', #2862, #2861 ) ;
#2864 = DIRECTION ( 'NONE',  ( 0.0000000000000000000, 1.000000000000000000, 1.365923996832128000E-014 ) ) ;
#2865 = DIRECTION ( 'NONE',  ( -1.000000000000000000, 5.676550095651120800E-017, -0.0000000000000000000 ) ) ;
#2866 = CARTESIAN_POINT ( 'NONE',  ( 0.2459999141035242900, 4.118702691536712400E-017, -0.7349999999999999900 ) ) ;
#2867 = AXIS2_PLACEMENT_3D ( 'NONE', #2866, #2865, #2864 ) ;
#2868 = DIRECTION ( 'NONE',  ( 0.0000000000000000000, 1.000000000000000000, 0.0000000000000000000 ) ) ;
#2869 = DIRECTION ( 'NONE',  ( 1.000000000000000000, -5.676550095651120800E-017, 0.0000000000000000000 ) ) ;
#2870 = CARTESIAN_POINT ( 'NONE',  ( 0.3689999999999995500, 3.420486542175979800E-017, -0.7349999999999999900 ) ) ;
#2871 = AXIS2_PLACEMENT_3D ( 'NONE', #2870, #2869, #2868 ) ;
#2872 = CIRCLE ( 'NONE', #2867, 0.01000000000000002600 ) ;
#2873 = CYLINDRICAL_SURFACE ( 'NONE', #2871, 0.01000000000000002600 ) ;
#2874 = DIRECTION ( 'NONE',  ( 0.0000000000000000000, -1.000000000000000000, 0.0000000000000000000 ) ) ;
#2875 = DIRECTION ( 'NONE',  ( -0.0000000000000000000, 1.067128122525099600E-016, -1.000000000000000000 ) ) ;
#2876 = CARTESIAN_POINT ( 'NONE',  ( 0.4799999999999998700, -0.01000000000000005900, -0.2350000000000002400 ) ) ;
#2877 = AXIS2_PLACEMENT_3D ( 'NONE', #2876, #2875, #2874 ) ;
#2878 = CIRCLE ( 'NONE', #2877, 0.01999999999999992400 ) ;
#2879 = FACE_OUTER_BOUND ( 'NONE', #1119, .T. ) ;
#2880 = DIRECTION ( 'NONE',  ( -1.000000000000000000, -0.0000000000000000000, -0.0000000000000000000 ) ) ;
#2881 = DIRECTION ( 'NONE',  ( -1.000000000000000000, 0.0000000000000000000, 0.0000000000000000000 ) ) ;
#2882 = PLANE ( 'NONE',  #2854 ) ;
#2883 = CARTESIAN_POINT ( 'NONE',  ( -0.4799999999999998700, -0.01000000000000000000, -0.2350000000000002400 ) ) ;
#2884 = CIRCLE ( 'NONE', #2889, 0.01000000000000016700 ) ;
#2885 = AXIS2_PLACEMENT_3D ( 'NONE', #2853, #2852, #3021 ) ;
#2886 = PLANE ( 'NONE',  #2885 ) ;
#2887 = DIRECTION ( 'NONE',  ( 1.000000000000000000, 0.0000000000000000000, -0.0000000000000000000 ) ) ;
#2888 = FACE_OUTER_BOUND ( 'NONE', #1082, .T. ) ;
#2889 = AXIS2_PLACEMENT_3D ( 'NONE', #2883, #2999, #2881 ) ;
#2890 = VECTOR ( 'NONE', #2880, 39.37007874015748100 ) ;
#2891 = CARTESIAN_POINT ( 'NONE',  ( 0.3018848686944314300, 0.01000000000000000000, -0.7350000000000001000 ) ) ;
#2892 = LINE ( 'NONE', #2891, #2890 ) ;
#2893 = CARTESIAN_POINT ( 'NONE',  ( -0.1489999999999999900, 1.707404996040164500E-017, -8.040714361695623000E-019 ) ) ;
#2894 = DIRECTION ( 'NONE',  ( 0.0000000000000000000, 8.537024980200822800E-016, 1.000000000000000000 ) ) ;
#2895 = DIRECTION ( 'NONE',  ( 1.000000000000000000, 0.0000000000000000000, 0.0000000000000000000 ) ) ;
#2896 = AXIS2_PLACEMENT_3D ( 'NONE', #2901, #2895, #2894 ) ;
#2897 = CIRCLE ( 'NONE', #2896, 0.01000000000000000000 ) ;
#2898 = DIRECTION ( 'NONE',  ( 0.0000000000000000000, 0.0000000000000000000, -1.000000000000000000 ) ) ;
#2899 = DIRECTION ( 'NONE',  ( 1.000000000000000000, -0.0000000000000000000, 0.0000000000000000000 ) ) ;
#2900 = CARTESIAN_POINT ( 'NONE',  ( -0.1489999999999999900, -0.009999999999999965500, 0.0000000000000000000 ) ) ;
#2901 = CARTESIAN_POINT ( 'NONE',  ( -0.1489999999999999900, -0.009999999999999965500, 0.0000000000000000000 ) ) ;
#2902 = AXIS2_PLACEMENT_3D ( 'NONE', #2900, #2899, #2898 ) ;
#2903 = PLANE ( 'NONE',  #2902 ) ;
#2904 = FACE_OUTER_BOUND ( 'NONE', #1107, .T. ) ;
#2905 = DIRECTION ( 'NONE',  ( 0.0000000000000000000, 0.0000000000000000000, 1.000000000000000000 ) ) ;
#2906 = DIRECTION ( 'NONE',  ( -1.000000000000000000, -0.0000000000000000000, -0.0000000000000000000 ) ) ;
#2907 = CARTESIAN_POINT ( 'NONE',  ( 0.1489999999999999900, -0.009999999999999965500, 0.0000000000000000000 ) ) ;
#2908 = AXIS2_PLACEMENT_3D ( 'NONE', #2907, #2906, #2905 ) ;
#2909 = CIRCLE ( 'NONE', #2908, 0.01000000000000000000 ) ;
#2910 = CARTESIAN_POINT ( 'NONE',  ( 0.1490000000000000500, 0.0000000000000000000, -1.710201144767753700E-017 ) ) ;
#2911 = DIRECTION ( 'NONE',  ( 0.0000000000000000000, 1.000000000000000000, 0.0000000000000000000 ) ) ;
#2912 = VECTOR ( 'NONE', #2911, 39.37007874015748100 ) ;
#2913 = CARTESIAN_POINT ( 'NONE',  ( 0.1489999999999999900, 0.01000000000000000000, -1.118459491035650200E-019 ) ) ;
#2914 = DIRECTION ( 'NONE',  ( 0.0000000000000000000, 0.0000000000000000000, -1.000000000000000000 ) ) ;
#2915 = DIRECTION ( 'NONE',  ( 1.000000000000000000, -0.0000000000000000000, 0.0000000000000000000 ) ) ;
#2916 = CARTESIAN_POINT ( 'NONE',  ( 0.1489999999999999900, -0.009999999999999965500, 0.0000000000000000000 ) ) ;
#2917 = AXIS2_PLACEMENT_3D ( 'NONE', #2916, #2915, #2914 ) ;
#2918 = PLANE ( 'NONE',  #2917 ) ;
#2919 = LINE ( 'NONE', #2913, #2912 ) ;
#2920 = FACE_OUTER_BOUND ( 'NONE', #1096, .T. ) ;
#2921 = DIRECTION ( 'NONE',  ( 1.000000000000000000, 0.0000000000000000000, 0.0000000000000000000 ) ) ;
#2922 = VECTOR ( 'NONE', #2921, 39.37007874015748100 ) ;
#2923 = CARTESIAN_POINT ( 'NONE',  ( -0.1489999999999999900, -0.009999999999999965500, 0.01000000000000000000 ) ) ;
#2924 = LINE ( 'NONE', #2923, #2922 ) ;
#2925 = DIRECTION ( 'NONE',  ( -0.0000000000000000000, 0.3090169943749415700, -0.9510565162951555300 ) ) ;
#2926 = VECTOR ( 'NONE', #2925, 39.37007874015748100 ) ;
#2927 = CARTESIAN_POINT ( 'NONE',  ( -0.2459999141035242300, -0.09177804732935762600, -0.4525362146603388300 ) ) ;
#2928 = LINE ( 'NONE', #2927, #2926 ) ;
#2929 = CARTESIAN_POINT ( 'NONE',  ( -0.1489999999999999900, -0.009999999999999948200, 0.01000000000000000000 ) ) ;
#2930 = DIRECTION ( 'NONE',  ( 0.0000000000000000000, -1.000000000000000000, 3.491483361109382900E-015 ) ) ;
#2931 = VECTOR ( 'NONE', #2930, 39.37007874015748100 ) ;
#2932 = CARTESIAN_POINT ( 'NONE',  ( -0.1489999999999999900, 0.0000000000000000000, 0.009999999999999965500 ) ) ;
#2933 = LINE ( 'NONE', #2932, #2931 ) ;
#2934 = CARTESIAN_POINT ( 'NONE',  ( 0.1490000000000000200, -0.009999999999999946400, 0.01000000000000000000 ) ) ;
#2935 = DIRECTION ( 'NONE',  ( -0.0000000000000000000, 1.000000000000000000, -3.491483361109382900E-015 ) ) ;
#2936 = VECTOR ( 'NONE', #2935, 39.37007874015748100 ) ;
#2937 = CARTESIAN_POINT ( 'NONE',  ( 0.1490000000000000500, 0.0000000000000000000, 0.009999999999999965500 ) ) ;
#2938 = DIRECTION ( 'NONE',  ( 0.0000000000000000000, 0.0000000000000000000, -1.000000000000000000 ) ) ;
#2939 = DIRECTION ( 'NONE',  ( 1.000000000000000000, -0.0000000000000000000, 0.0000000000000000000 ) ) ;
#2940 = CARTESIAN_POINT ( 'NONE',  ( 0.07500000000000001100, 0.006999999999999999300, -0.09199999999999999800 ) ) ;
#2941 = LINE ( 'NONE', #2937, #2936 ) ;
#2942 = AXIS2_PLACEMENT_3D ( 'NONE', #2940, #2939, #2938 ) ;
#2943 = PLANE ( 'NONE',  #2942 ) ;
#2944 = FACE_OUTER_BOUND ( 'NONE', #1179, .T. ) ;
#2945 = DIRECTION ( 'NONE',  ( 1.000000000000000000, 0.0000000000000000000, 0.0000000000000000000 ) ) ;
#2946 = VECTOR ( 'NONE', #2945, 39.37007874015748100 ) ;
#2947 = CARTESIAN_POINT ( 'NONE',  ( 0.3018848686944314300, 0.01000000000000000000, -0.09199999999999999800 ) ) ;
#2948 = LINE ( 'NONE', #2947, #2946 ) ;
#2949 = CARTESIAN_POINT ( 'NONE',  ( 0.07500000000000002500, 0.01000000000000000000, -0.09199999999999999800 ) ) ;
#2950 = DIRECTION ( 'NONE',  ( -0.0000000000000000000, -1.000000000000000000, -0.0000000000000000000 ) ) ;
#2951 = VECTOR ( 'NONE', #2950, 39.37007874015748100 ) ;
#2952 = CARTESIAN_POINT ( 'NONE',  ( 0.07500000000000001100, 0.006999999999999999300, -0.09199999999999999800 ) ) ;
#2953 = LINE ( 'NONE', #2952, #2951 ) ;
#2954 = DIRECTION ( 'NONE',  ( 0.0000000000000000000, 1.000000000000000000, 0.0000000000000000000 ) ) ;
#2955 = DIRECTION ( 'NONE',  ( 1.000000000000000000, 5.676550095651120800E-017, 0.0000000000000000000 ) ) ;
#2956 = CARTESIAN_POINT ( 'NONE',  ( -0.2459999141035242900, 4.118702691536712400E-017, -0.7349999999999999900 ) ) ;
#2957 = AXIS2_PLACEMENT_3D ( 'NONE', #2956, #2955, #2954 ) ;
#2958 = CYLINDRICAL_SURFACE ( 'NONE', #2957, 0.01000000000000002600 ) ;
#2959 = FACE_OUTER_BOUND ( 'NONE', #1072, .T. ) ;
#2960 = CIRCLE ( 'NONE', #1677, 0.02000000000000000000 ) ;
#2961 = CARTESIAN_POINT ( 'NONE',  ( 0.3689999999999995500, 0.01000000000000003000, -0.7350000000000001000 ) ) ;
#2962 = DIRECTION ( 'NONE',  ( 0.0000000000000000000, 1.000000000000000000, 1.365923996832128000E-014 ) ) ;
#2963 = DIRECTION ( 'NONE',  ( -1.000000000000000000, 5.676550095651120800E-017, -0.0000000000000000000 ) ) ;
#2964 = CARTESIAN_POINT ( 'NONE',  ( 0.3689999999999995500, 3.420486542175979800E-017, -0.7349999999999999900 ) ) ;
#2965 = AXIS2_PLACEMENT_3D ( 'NONE', #2964, #2963, #2962 ) ;
#2966 = CIRCLE ( 'NONE', #2965, 0.01000000000000002600 ) ;
#2967 = CARTESIAN_POINT ( 'NONE',  ( 0.2459999141035242900, 0.01000000000000003500, -0.7350000000000001000 ) ) ;
#2968 = DIRECTION ( 'NONE',  ( 1.000000000000000000, 0.0000000000000000000, -0.0000000000000000000 ) ) ;
#2969 = DIRECTION ( 'NONE',  ( 0.0000000000000000000, 0.0000000000000000000, 1.000000000000000000 ) ) ;
#2970 = CARTESIAN_POINT ( 'NONE',  ( 0.07500000000000001100, 0.006999999999999999300, -0.09199999999999999800 ) ) ;
#2971 = AXIS2_PLACEMENT_3D ( 'NONE', #2970, #2969, #2968 ) ;
#2972 = PLANE ( 'NONE',  #2971 ) ;
#2973 = FACE_OUTER_BOUND ( 'NONE', #1127, .T. ) ;
#2974 = CARTESIAN_POINT ( 'NONE',  ( -0.002999999999999991400, 0.01000000000000000000, -0.02000000000000003500 ) ) ;
#2975 = DIRECTION ( 'NONE',  ( -0.0000000000000000000, 0.0000000000000000000, 1.000000000000000000 ) ) ;
#2976 = VECTOR ( 'NONE', #2975, 39.37007874015748100 ) ;
#2977 = CARTESIAN_POINT ( 'NONE',  ( -0.003000000000000009200, 0.01000000000000000000, -0.6849999999999999400 ) ) ;
#2978 = DIRECTION ( 'NONE',  ( 0.0000000000000000000, -1.000000000000000000, 3.491483361109382900E-015 ) ) ;
#2979 = DIRECTION ( 'NONE',  ( -0.0000000000000000000, 3.491483361109382900E-015, 1.000000000000000000 ) ) ;
#2980 = CARTESIAN_POINT ( 'NONE',  ( -0.1489999999999999900, 0.0000000000000000000, 0.009999999999999965500 ) ) ;
#2981 = AXIS2_PLACEMENT_3D ( 'NONE', #2980, #2979, #2978 ) ;
#2982 = PLANE ( 'NONE',  #2981 ) ;
#2983 = LINE ( 'NONE', #2977, #2976 ) ;
#2984 = FACE_OUTER_BOUND ( 'NONE', #1084, .T. ) ;
#2985 = DIRECTION ( 'NONE',  ( -0.0000000000000000000, -1.000000000000000000, -0.0000000000000000000 ) ) ;
#2986 = VECTOR ( 'NONE', #2985, 39.37007874015748100 ) ;
#2987 = CARTESIAN_POINT ( 'NONE',  ( 0.4800000000000002600, 0.01000000000000000000, -0.2350000000000004900 ) ) ;
#2988 = LINE ( 'NONE', #2987, #2986 ) ;
#2989 = CARTESIAN_POINT ( 'NONE',  ( 0.4800000000000002000, -8.323599355695802500E-017, -0.2350000000000003800 ) ) ;
#2990 = DIRECTION ( 'NONE',  ( 0.0000000000000000000, -1.000000000000000000, 0.0000000000000000000 ) ) ;
#2991 = DIRECTION ( 'NONE',  ( -0.0000000000000000000, 1.067128122525099600E-016, -1.000000000000000000 ) ) ;
#2992 = CARTESIAN_POINT ( 'NONE',  ( 0.4799999999999998700, -0.01000000000000005900, -0.2350000000000002400 ) ) ;
#2993 = AXIS2_PLACEMENT_3D ( 'NONE', #2992, #2991, #2990 ) ;
#2994 = CIRCLE ( 'NONE', #2993, 0.009999999999999892700 ) ;
#2995 = DIRECTION ( 'NONE',  ( 0.0000000000000000000, 1.000000000000000000, 1.067128122525099800E-016 ) ) ;
#2996 = DIRECTION ( 'NONE',  ( 0.0000000000000000000, 1.067128122525099800E-016, -1.000000000000000000 ) ) ;
#2997 = CARTESIAN_POINT ( 'NONE',  ( 0.4799999999999998700, -0.01000000000000005900, -0.2350000000000002400 ) ) ;
#2998 = AXIS2_PLACEMENT_3D ( 'NONE', #2997, #2996, #2995 ) ;
#2999 = DIRECTION ( 'NONE',  ( 0.0000000000000000000, 0.0000000000000000000, -1.000000000000000000 ) ) ;
#3000 = PLANE ( 'NONE',  #2998 ) ;
#3001 = FACE_OUTER_BOUND ( 'NONE', #1056, .T. ) ;
#3002 = CARTESIAN_POINT ( 'NONE',  ( -0.2459999141035242300, -0.09177804732935759800, -0.4525362146603388300 ) ) ;
#3003 = DIRECTION ( 'NONE',  ( 3.747962186429628000E-015, -1.000000000000000000, 0.0000000000000000000 ) ) ;
#3004 = VECTOR ( 'NONE', #3003, 39.37007874015748100 ) ;
#3005 = CARTESIAN_POINT ( 'NONE',  ( 0.4899999999999997100, 3.447884141377126800E-062, -0.7350000000000003200 ) ) ;
#3006 = LINE ( 'NONE', #3005, #3004 ) ;
#3007 = CARTESIAN_POINT ( 'NONE',  ( 0.4899999999999997700, -0.009999999999999965500, -0.7350000000000003200 ) ) ;
#3008 = DIRECTION ( 'NONE',  ( -0.0000000000000000000, 1.067128122525099800E-016, -1.000000000000000000 ) ) ;
#3009 = VECTOR ( 'NONE', #3008, 39.37007874015748100 ) ;
#3010 = CARTESIAN_POINT ( 'NONE',  ( 0.4899999999999997700, -0.01000000000000002100, -0.2350000000000002400 ) ) ;
#3011 = LINE ( 'NONE', #3010, #3009 ) ;
#3012 = DIRECTION ( 'NONE',  ( 0.0000000000000000000, -1.000000000000000000, -0.0000000000000000000 ) ) ;
#3013 = VECTOR ( 'NONE', #3012, 39.37007874015748100 ) ;
#3014 = CARTESIAN_POINT ( 'NONE',  ( -0.2459999141035242900, 0.01000000000000000000, -0.7349999999999999900 ) ) ;
#3015 = LINE ( 'NONE', #3014, #3013 ) ;
#3016 = CARTESIAN_POINT ( 'NONE',  ( 0.4899999999999998800, -0.01000000000000000700, -0.2350000000000002400 ) ) ;
#3017 = DIRECTION ( 'NONE',  ( -3.747962186429628000E-015, 1.000000000000000000, -0.0000000000000000000 ) ) ;
#3018 = VECTOR ( 'NONE', #3017, 39.37007874015748100 ) ;
#3019 = CARTESIAN_POINT ( 'NONE',  ( 0.4899999999999999900, 1.023886297932730400E-030, -0.2350000000000002400 ) ) ;
#3020 = LINE ( 'NONE', #3019, #3018 ) ;
#3021 = DIRECTION ( 'NONE',  ( 3.747962186429628000E-015, -1.000000000000000000, 0.0000000000000000000 ) ) ;
#3022 = DIRECTION ( 'NONE',  ( 0.0000000000000000000, 0.0000000000000000000, 1.000000000000000000 ) ) ;
#3023 = CARTESIAN_POINT ( 'NONE',  ( 0.002999999999999977900, 0.006999999999999999300, -0.02000000000000002500 ) ) ;
#3024 = AXIS2_PLACEMENT_3D ( 'NONE', #3032, #3080, #3079 ) ;
#3025 = CARTESIAN_POINT ( 'NONE',  ( 0.4799999999999998700, -0.01000000000000005900, -0.2350000000000002400 ) ) ;
#3026 = CYLINDRICAL_SURFACE ( 'NONE', #3128, 0.01999999999999992400 ) ;
#3027 =( NAMED_UNIT ( * ) PLANE_ANGLE_UNIT ( ) SI_UNIT ( $, .RADIAN. ) );
#3028 =( CONVERSION_BASED_UNIT ( 'INCH', #3029 ) LENGTH_UNIT ( ) NAMED_UNIT ( #3030 ) );
#3029 = LENGTH_MEASURE_WITH_UNIT ( LENGTH_MEASURE( 0.02539999999999999900 ), #3031 );
#3030 = DIMENSIONAL_EXPONENTS ( 1.000000000000000000, 0.0000000000000000000, 0.0000000000000000000, 0.0000000000000000000, 0.0000000000000000000, 0.0000000000000000000, 0.0000000000000000000 ) ;
#3031 =( LENGTH_UNIT ( ) NAMED_UNIT ( * ) SI_UNIT ( $, .METRE. ) );
#3032 = CARTESIAN_POINT ( 'NONE',  ( 0.0000000000000000000, 0.0000000000000000000, 0.0000000000000000000 ) ) ;
#3033 = CARTESIAN_POINT ( 'NONE',  ( -0.3689999999999995500, 0.01000000000000003100, -0.7349999999999999900 ) ) ;
#3034 = DIRECTION ( 'NONE',  ( 0.0000000000000000000, 1.000000000000000000, 1.365923996832128000E-014 ) ) ;
#3035 = DIRECTION ( 'NONE',  ( -1.000000000000000000, -5.676550095651120800E-017, -0.0000000000000000000 ) ) ;
#3036 = FACE_OUTER_BOUND ( 'NONE', #1169, .T. ) ;
#3037 = DIRECTION ( 'NONE',  ( 0.0000000000000000000, -8.537024980200822800E-016, 1.000000000000000000 ) ) ;
#3038 = DIRECTION ( 'NONE',  ( 1.000000000000000000, 0.0000000000000000000, 0.0000000000000000000 ) ) ;
#3039 = AXIS2_PLACEMENT_3D ( 'NONE', #3055, #3038, #3037 ) ;
#3040 = CIRCLE ( 'NONE', #3039, 0.02000000000000000000 ) ;
#3041 = DIRECTION ( 'NONE',  ( 1.093494038679395400E-016, 0.0000000000000000000, 1.000000000000000000 ) ) ;
#3042 = DIRECTION ( 'NONE',  ( -1.000000000000000000, -1.814117808292656900E-015, 0.0000000000000000000 ) ) ;
#3043 = DIRECTION ( 'NONE',  ( -0.0000000000000000000, -0.0000000000000000000, 1.000000000000000000 ) ) ;
#3044 = CARTESIAN_POINT ( 'NONE',  ( -0.1489999999999999900, -0.009999999999999965500, 0.0000000000000000000 ) ) ;
#3045 = AXIS2_PLACEMENT_3D ( 'NONE', #3044, #3138, #3137 ) ;
#3046 = CYLINDRICAL_SURFACE ( 'NONE', #3045, 0.02000000000000000000 ) ;
#3047 = FACE_OUTER_BOUND ( 'NONE', #1158, .T. ) ;
#3048 = CARTESIAN_POINT ( 'NONE',  ( 0.4799999999999999800, 0.01000000000000000000, -0.2350000000000003800 ) ) ;
#3049 = DIRECTION ( 'NONE',  ( -0.0000000000000000000, 0.0000000000000000000, 1.000000000000000000 ) ) ;
#3050 = VECTOR ( 'NONE', #3049, 39.37007874015748100 ) ;
#3051 = CARTESIAN_POINT ( 'NONE',  ( 0.4799999999999997000, 0.01000000000000000000, -0.6849999999999999400 ) ) ;
#3052 = CARTESIAN_POINT ( 'NONE',  ( -0.4800000000000000900, 0.01000000000000009900, -0.2350000000000001000 ) ) ;
#3053 = DIRECTION ( 'NONE',  ( -1.000000000000000000, -3.552977508801957600E-017, 1.093494038679395400E-016 ) ) ;
#3054 = CARTESIAN_POINT ( 'NONE',  ( -0.2459999141035242300, -0.08226748216640605800, -0.4494460447165893900 ) ) ;
#3055 = CARTESIAN_POINT ( 'NONE',  ( -0.1489999999999999900, -0.009999999999999965500, 0.0000000000000000000 ) ) ;
#3056 = AXIS2_PLACEMENT_3D ( 'NONE', #3054, #3053, #3041 ) ;
#3057 = PLANE ( 'NONE',  #3056 ) ;
#3058 = FACE_OUTER_BOUND ( 'NONE', #1153, .T. ) ;
#3059 = DIRECTION ( 'NONE',  ( -1.000000000000000000, -0.0000000000000000000, -0.0000000000000000000 ) ) ;
#3060 = VECTOR ( 'NONE', #3059, 39.37007874015748100 ) ;
#3061 = CARTESIAN_POINT ( 'NONE',  ( 0.3018848686944314300, 0.01000000000000000000, -0.7350000000000001000 ) ) ;
#3062 = LINE ( 'NONE', #3051, #3050 ) ;
#3063 = CARTESIAN_POINT ( 'NONE',  ( 0.4799999999999997000, 0.009999999999999956800, -0.7350000000000002100 ) ) ;
#3064 = DIRECTION ( 'NONE',  ( -1.000000000000000000, 0.0000000000000000000, 0.0000000000000000000 ) ) ;
#3065 = DIRECTION ( 'NONE',  ( 0.0000000000000000000, 0.0000000000000000000, -1.000000000000000000 ) ) ;
#3066 = CARTESIAN_POINT ( 'NONE',  ( -0.4799999999999998700, -0.01000000000000000000, -0.7350000000000003200 ) ) ;
#3067 = AXIS2_PLACEMENT_3D ( 'NONE', #3066, #3065, #3064 ) ;
#3068 = CYLINDRICAL_SURFACE ( 'NONE', #3067, 0.02000000000000019800 ) ;
#3069 = CARTESIAN_POINT ( 'NONE',  ( 0.1489999999999999900, 0.01000000000000001800, -7.447270914151417700E-018 ) ) ;
#3070 = AXIS2_PLACEMENT_3D ( 'NONE', #3072, #3043, #3042 ) ;
#3071 = CIRCLE ( 'NONE', #3070, 0.02000000000000019800 ) ;
#3072 = CARTESIAN_POINT ( 'NONE',  ( -0.4799999999999998700, -0.01000000000000000000, -0.2350000000000002400 ) ) ;
#3073 = LINE ( 'NONE', #3061, #3060 ) ;
#3074 = DIRECTION ( 'NONE',  ( 0.0000000000000000000, -1.000000000000000000, 0.0000000000000000000 ) ) ;
#3075 = DIRECTION ( 'NONE',  ( -0.0000000000000000000, 1.067128122525099600E-016, -1.000000000000000000 ) ) ;
#3076 = CARTESIAN_POINT ( 'NONE',  ( 0.4799999999999998700, -0.01000000000000000700, -0.7350000000000003200 ) ) ;
#3077 = AXIS2_PLACEMENT_3D ( 'NONE', #3076, #3075, #3074 ) ;
#3078 = CIRCLE ( 'NONE', #3077, 0.01999999999999992400 ) ;
#3079 = DIRECTION ( 'NONE',  ( 1.000000000000000000, 0.0000000000000000000, 0.0000000000000000000 ) ) ;
#3080 = DIRECTION ( 'NONE',  ( 0.0000000000000000000, 0.0000000000000000000, 1.000000000000000000 ) ) ;
#3081 =( GEOMETRIC_REPRESENTATION_CONTEXT ( 3 ) GLOBAL_UNCERTAINTY_ASSIGNED_CONTEXT ( ( #3082 ) ) GLOBAL_UNIT_ASSIGNED_CONTEXT ( ( #3085, #3084, #3083 ) ) REPRESENTATION_CONTEXT ( 'NONE', 'WORKASPACE' ) );
#3082 = UNCERTAINTY_MEASURE_WITH_UNIT (LENGTH_MEASURE( 1.000000000000000100E-005 ), #3085, 'distance_accuracy_value', 'NONE');
#3083 =( NAMED_UNIT ( * ) SI_UNIT ( $, .STERADIAN. ) SOLID_ANGLE_UNIT ( ) );
#3084 =( NAMED_UNIT ( * ) PLANE_ANGLE_UNIT ( ) SI_UNIT ( $, .RADIAN. ) );
#3085 =( CONVERSION_BASED_UNIT ( 'INCH', #3086 ) LENGTH_UNIT ( ) NAMED_UNIT ( #3087 ) );
#3086 = LENGTH_MEASURE_WITH_UNIT ( LENGTH_MEASURE( 0.02539999999999999900 ), #3088 );
#3087 = DIMENSIONAL_EXPONENTS ( 1.000000000000000000, 0.0000000000000000000, 0.0000000000000000000, 0.0000000000000000000, 0.0000000000000000000, 0.0000000000000000000, 0.0000000000000000000 ) ;
#3088 =( LENGTH_UNIT ( ) NAMED_UNIT ( * ) SI_UNIT ( $, .METRE. ) );
#3089 = MECHANICAL_DESIGN_GEOMETRIC_PRESENTATION_REPRESENTATION (  '', ( #3091 ), #3081 ) ;
#3090 = PRESENTATION_LAYER_ASSIGNMENT (  '', '', ( #3091 ) ) ;
#3091 = STYLED_ITEM ( 'NONE', ( #3092 ), #3104 ) ;
#3092 = PRESENTATION_STYLE_ASSIGNMENT (( #3093 ) ) ;
#3093 = SURFACE_STYLE_USAGE ( .BOTH. , #3094 ) ;
#3094 = SURFACE_SIDE_STYLE ('',( #3095 ) ) ;
#3095 = SURFACE_STYLE_FILL_AREA ( #3096 ) ;
#3096 = FILL_AREA_STYLE ('',( #3097 ) ) ;
#3097 = FILL_AREA_STYLE_COLOUR ( '', #3098 ) ;
#3098 = COLOUR_RGB ( '',0.8274509803921568100, 0.8392156862745098200, 0.8274509803921568100 ) ;
#3099 = FACE_OUTER_BOUND ( 'NONE', #1145, .T. ) ;
#3100 = DIRECTION ( 'NONE',  ( -1.000000000000000000, 8.537024980200738000E-016, 0.0000000000000000000 ) ) ;
#3101 = DIRECTION ( 'NONE',  ( -0.0000000000000000000, -0.0000000000000000000, 1.000000000000000000 ) ) ;
#3102 = AXIS2_PLACEMENT_3D ( 'NONE', #3110, #3101, #3100 ) ;
#3103 = CIRCLE ( 'NONE', #3102, 0.02000000000000019800 ) ;
#3104 = ADVANCED_BREP_SHAPE_REPRESENTATION ( '3008TR', ( #433, #3024 ), #3105 ) ;
#3105 =( GEOMETRIC_REPRESENTATION_CONTEXT ( 3 ) GLOBAL_UNCERTAINTY_ASSIGNED_CONTEXT ( ( #3106 ) ) GLOBAL_UNIT_ASSIGNED_CONTEXT ( ( #3028, #3027, #3107 ) ) REPRESENTATION_CONTEXT ( 'NONE', 'WORKASPACE' ) );
#3106 = UNCERTAINTY_MEASURE_WITH_UNIT (LENGTH_MEASURE( 1.000000000000000100E-005 ), #3028, 'distance_accuracy_value', 'NONE');
#3107 =( NAMED_UNIT ( * ) SI_UNIT ( $, .STERADIAN. ) SOLID_ANGLE_UNIT ( ) );
#3108 = CARTESIAN_POINT ( 'NONE',  ( -0.4800000000000002000, 0.01000000000000000000, -0.6849999999999999400 ) ) ;
#3109 = LINE ( 'NONE', #3108, #3112 ) ;
#3110 = CARTESIAN_POINT ( 'NONE',  ( -0.4799999999999998700, -0.01000000000000000000, -0.7350000000000003200 ) ) ;
#3111 = DIRECTION ( 'NONE',  ( 0.0000000000000000000, -0.0000000000000000000, -1.000000000000000000 ) ) ;
#3112 = VECTOR ( 'NONE', #3111, 39.37007874015748100 ) ;
#3113 = CARTESIAN_POINT ( 'NONE',  ( 0.002999999999999977100, 0.01000000000000000000, -0.02000000000000003500 ) ) ;
#3114 = DIRECTION ( 'NONE',  ( -0.0000000000000000000, -1.000000000000000000, -0.0000000000000000000 ) ) ;
#3115 = VECTOR ( 'NONE', #3114, 39.37007874015748100 ) ;
#3116 = CARTESIAN_POINT ( 'NONE',  ( 0.002999999999999977900, 0.006999999999999999300, -0.02000000000000002500 ) ) ;
#3117 = LINE ( 'NONE', #3116, #3115 ) ;
#3118 = CARTESIAN_POINT ( 'NONE',  ( 0.002999999999999973600, 0.01000000000000000000, -0.09199999999999999800 ) ) ;
#3119 = DIRECTION ( 'NONE',  ( 0.0000000000000000000, -1.000000000000000000, -0.0000000000000000000 ) ) ;
#3120 = VECTOR ( 'NONE', #3119, 39.37007874015748100 ) ;
#3121 = CARTESIAN_POINT ( 'NONE',  ( 0.002999999999999974900, 0.006999999999999999300, -0.09199999999999999800 ) ) ;
#3122 = LINE ( 'NONE', #3121, #3120 ) ;
#3123 = DIRECTION ( 'NONE',  ( -6.669550765781895700E-017, 0.0000000000000000000, -1.000000000000000000 ) ) ;
#3124 = DIRECTION ( 'NONE',  ( 1.000000000000000000, 0.0000000000000000000, -6.669550765781895700E-017 ) ) ;
#3125 = CARTESIAN_POINT ( 'NONE',  ( 0.002999999999999973200, 0.006999999999999999300, -0.09199999999999999800 ) ) ;
#3126 = DIRECTION ( 'NONE',  ( 0.0000000000000000000, -1.000000000000000000, 0.0000000000000000000 ) ) ;
#3127 = DIRECTION ( 'NONE',  ( 0.0000000000000000000, -1.067128122525099600E-016, 1.000000000000000000 ) ) ;
#3128 = AXIS2_PLACEMENT_3D ( 'NONE', #3025, #3127, #3126 ) ;
#3129 = AXIS2_PLACEMENT_3D ( 'NONE', #3125, #3124, #3123 ) ;
#3130 = PLANE ( 'NONE',  #3129 ) ;
#3131 = FACE_OUTER_BOUND ( 'NONE', #1173, .T. ) ;
#3132 = CARTESIAN_POINT ( 'NONE',  ( -0.1489999999999999700, 0.01000000000000000000, 5.988757593745169300E-018 ) ) ;
#3133 = DIRECTION ( 'NONE',  ( -1.000000000000000000, -0.0000000000000000000, -0.0000000000000000000 ) ) ;
#3134 = VECTOR ( 'NONE', #3133, 39.37007874015748100 ) ;
#3135 = CARTESIAN_POINT ( 'NONE',  ( 0.3018848686944314300, 0.01000000000000000000, 0.0000000000000000000 ) ) ;
#3136 = LINE ( 'NONE', #3135, #3134 ) ;
#3137 = DIRECTION ( 'NONE',  ( 0.0000000000000000000, 0.0000000000000000000, 1.000000000000000000 ) ) ;
#3138 = DIRECTION ( 'NONE',  ( -1.000000000000000000, -0.0000000000000000000, -0.0000000000000000000 ) ) ;
#3139 = CARTESIAN_POINT ( 'NONE',  ( -0.3689999999999995500, 3.420486542175979800E-017, -0.7349999999999999900 ) ) ;
#3140 = AXIS2_PLACEMENT_3D ( 'NONE', #3139, #3035, #3034 ) ;
#3141 = CIRCLE ( 'NONE', #3140, 0.01000000000000002600 ) ;
#3142 = DIRECTION ( 'NONE',  ( 0.0000000000000000000, -0.0000000000000000000, -1.000000000000000000 ) ) ;
#3143 = VECTOR ( 'NONE', #3142, 39.37007874015748100 ) ;
#3144 = CARTESIAN_POINT ( 'NONE',  ( 0.07500000000000002500, 0.01000000000000000000, -0.6849999999999999400 ) ) ;
#3145 = LINE ( 'NONE', #3144, #3143 ) ;
#3146 = PRODUCT_DEFINITION_FORMATION_WITH_SPECIFIED_SOURCE ( 'ANY', '', #3152, .NOT_KNOWN. ) ;
#3147 = PRODUCT_DEFINITION ( 'UNKNOWN', '', #3146, #3155 ) ;
#3148 = APPLICATION_PROTOCOL_DEFINITION ( 'draft international standard', 'automotive_design', 1998, #3151 ) ;
#3149 = PRODUCT_DEFINITION_SHAPE ( 'NONE', 'NONE',  #3147 ) ;
#3150 = PRODUCT_RELATED_PRODUCT_CATEGORY ( 'part', '', ( #3152 ) ) ;
#3151 = APPLICATION_CONTEXT ( 'automotive_design' ) ;
#3152 = PRODUCT ( '3008TR', '3008TR', '', ( #3153 ) ) ;
#3153 = PRODUCT_CONTEXT ( 'NONE', #3151, 'mechanical' ) ;
#3154 = SHAPE_DEFINITION_REPRESENTATION ( #3149, #3104 ) ;
#3155 = PRODUCT_DEFINITION_CONTEXT ( 'detailed design', #3157, 'design' ) ;
#3156 = APPLICATION_PROTOCOL_DEFINITION ( 'draft international standard', 'automotive_design', 1998, #3157 ) ;
#3157 = APPLICATION_CONTEXT ( 'automotive_design' ) ;
ENDSEC;
END-ISO-10303-21;
